fps,cpu_usage,mem_usage,face_count,detector,timestamp
0.0,0.0,0.0,1,HAAR,0.42775845527648926
0.0,0.0,0.0,1,HAAR,0.4777398109436035
0.0,0.0,0.0,1,HAAR,0.49215102195739746
0.0,0.0,0.0,1,HAAR,0.5071535110473633
0.0,0.0,0.0,1,HAAR,0.5241632461547852
0.0,0.0,0.0,1,HAAR,0.5388014316558838
0.0,0.0,0.0,1,HAAR,0.5568535327911377
0.0,0.0,0.0,1,HAAR,0.5890243053436279
0.0,0.0,0.0,1,HAAR,0.6213057041168213
0.0,0.0,0.0,1,HAAR,0.6542038917541504
0.0,0.0,0.0,1,HAAR,0.6851270198822021
0.0,0.0,0.0,1,HAAR,0.7317683696746826
0.0,0.0,0.0,1,HAAR,0.7646784782409668
0.0,0.0,0.0,1,HAAR,0.796565055847168
0.0,0.0,0.0,1,HAAR,0.8278322219848633
0.0,0.0,0.0,1,HAAR,0.861706018447876
0.0,0.0,0.0,1,HAAR,0.8934347629547119
0.0,0.0,0.0,1,HAAR,0.9386405944824219
0.0,0.0,0.0,1,HAAR,0.9606401920318604
0.0,0.0,0.0,1,HAAR,0.98899245262146
20.557141860231184,15.7,82.3,1,HAAR,1.0254857540130615
20.557141860231184,15.7,82.3,1,HAAR,1.0391952991485596
20.557141860231184,15.7,82.3,1,HAAR,1.101719856262207
20.557141860231184,15.7,82.3,1,HAAR,1.1327831745147705
20.557141860231184,15.7,82.3,1,HAAR,1.1638951301574707
20.557141860231184,15.7,82.3,1,HAAR,1.1957805156707764
20.557141860231184,15.7,82.3,1,HAAR,1.2280611991882324
20.557141860231184,15.7,82.3,1,HAAR,1.260272741317749
20.557141860231184,15.7,82.3,1,HAAR,1.2936081886291504
20.557141860231184,15.7,82.3,1,HAAR,1.3258335590362549
20.557141860231184,15.7,82.3,1,HAAR,1.357062816619873
20.557141860231184,15.7,82.3,1,HAAR,1.3804771900177002
20.557141860231184,15.7,82.3,1,HAAR,1.3951606750488281
20.557141860231184,15.7,82.3,1,HAAR,1.4369161128997803
20.557141860231184,15.7,82.3,1,HAAR,1.502134084701538
20.557141860231184,15.7,82.3,1,HAAR,1.534245252609253
20.557141860231184,15.7,82.3,1,HAAR,1.5659496784210205
20.557141860231184,15.7,82.3,1,HAAR,1.5969741344451904
20.557141860231184,15.7,82.3,1,HAAR,1.6277978420257568
20.557141860231184,15.7,82.3,1,HAAR,1.6610019207000732
20.557141860231184,15.7,82.3,1,HAAR,1.7039053440093994
20.557141860231184,15.7,82.3,1,HAAR,1.7262485027313232
20.557141860231184,15.7,82.3,1,HAAR,1.737354040145874
20.557141860231184,15.7,82.3,1,HAAR,1.7558403015136719
20.557141860231184,15.7,82.3,1,HAAR,1.8058416843414307
20.557141860231184,15.7,82.3,1,HAAR,1.8359241485595703
20.557141860231184,15.7,82.3,0,HAAR,1.9139087200164795
20.557141860231184,15.7,82.3,0,HAAR,1.9379806518554688
20.557141860231184,15.7,82.3,0,HAAR,1.965341329574585
20.557141860231184,15.7,82.3,0,HAAR,1.9968147277832031
29.72475763865233,9.2,82.3,0,HAAR,2.038825273513794
29.72475763865233,9.2,82.3,0,HAAR,2.0613670349121094
29.72475763865233,9.2,82.3,0,HAAR,2.0918915271759033
29.72475763865233,9.2,82.3,0,HAAR,2.107454776763916
29.72475763865233,9.2,82.3,0,HAAR,2.141953706741333
29.72475763865233,9.2,82.3,0,HAAR,2.173361301422119
29.72475763865233,9.2,82.3,0,HAAR,2.203842878341675
29.72475763865233,9.2,82.3,0,HAAR,2.245234966278076
29.72475763865233,9.2,82.3,0,HAAR,2.301098585128784
29.72475763865233,9.2,82.3,0,HAAR,2.3323307037353516
29.72475763865233,9.2,82.3,0,HAAR,2.3643887042999268
29.72475763865233,9.2,82.3,1,HAAR,2.397630453109741
29.72475763865233,9.2,82.3,1,HAAR,2.444411277770996
29.72475763865233,9.2,82.3,1,HAAR,2.455254077911377
29.72475763865233,9.2,82.3,1,HAAR,2.4681811332702637
29.72475763865233,9.2,82.3,1,HAAR,2.5099968910217285
29.72475763865233,9.2,82.3,1,HAAR,2.5414211750030518
29.72475763865233,9.2,82.3,1,HAAR,2.572603225708008
29.72475763865233,9.2,82.3,1,HAAR,2.6066696643829346
29.72475763865233,9.2,82.3,1,HAAR,2.6368348598480225
29.72475763865233,9.2,82.3,1,HAAR,2.6999804973602295
29.72475763865233,9.2,82.3,1,HAAR,2.733109712600708
29.72475763865233,9.2,82.3,1,HAAR,2.7641091346740723
29.72475763865233,9.2,82.3,1,HAAR,2.7977309226989746
29.72475763865233,9.2,82.3,1,HAAR,2.8077330589294434
29.72475763865233,9.2,82.3,1,HAAR,2.827730417251587
29.72475763865233,9.2,82.3,1,HAAR,2.8760321140289307
29.72475763865233,9.2,82.3,1,HAAR,2.9092533588409424
29.72475763865233,9.2,82.3,1,HAAR,2.941188097000122
29.72475763865233,9.2,82.3,1,HAAR,2.9731924533843994
29.72475763865233,9.2,82.3,1,HAAR,3.004448652267456
30.73264391158913,14.2,82.6,1,HAAR,3.0424294471740723
30.73264391158913,14.2,82.6,1,HAAR,3.100515842437744
30.73264391158913,14.2,82.6,1,HAAR,3.132174253463745
30.73264391158913,14.2,82.6,1,HAAR,3.1671128273010254
30.73264391158913,14.2,82.6,1,HAAR,3.1810624599456787
30.73264391158913,14.2,82.6,1,HAAR,3.2123701572418213
30.73264391158913,14.2,82.6,1,HAAR,3.2451565265655518
30.73264391158913,14.2,82.6,1,HAAR,3.2767786979675293
30.73264391158913,14.2,82.6,1,HAAR,3.3084847927093506
30.73264391158913,14.2,82.6,1,HAAR,3.3406777381896973
30.73264391158913,14.2,82.6,1,HAAR,3.3721582889556885
30.73264391158913,14.2,82.6,1,HAAR,3.404846668243408
30.73264391158913,14.2,82.6,0,HAAR,3.4434287548065186
30.73264391158913,14.2,82.6,0,HAAR,3.5011725425720215
30.73264391158913,14.2,82.6,0,HAAR,3.5213873386383057
30.73264391158913,14.2,82.6,0,HAAR,3.537384033203125
30.73264391158913,14.2,82.6,1,HAAR,3.5858187675476074
30.73264391158913,14.2,82.6,0,HAAR,3.612464427947998
30.73264391158913,14.2,82.6,0,HAAR,3.647170305252075
30.73264391158913,14.2,82.6,0,HAAR,3.6792285442352295
30.73264391158913,14.2,82.6,0,HAAR,3.709751844406128
30.73264391158913,14.2,82.6,0,HAAR,3.7405591011047363
30.73264391158913,14.2,82.6,0,HAAR,3.7754039764404297
30.73264391158913,14.2,82.6,0,HAAR,3.805222749710083
30.73264391158913,14.2,82.6,1,HAAR,3.8363890647888184
30.73264391158913,14.2,82.6,1,HAAR,3.870527505874634
30.73264391158913,14.2,82.6,1,HAAR,3.9001681804656982
30.73264391158913,14.2,82.6,1,HAAR,3.9497127532958984
30.73264391158913,14.2,82.6,1,HAAR,3.980755567550659
30.73264391158913,14.2,82.6,1,HAAR,4.012857675552368
29.807530084306414,9.0,82.3,1,HAAR,4.049788236618042
29.807530084306414,9.0,82.3,1,HAAR,4.077351331710815
29.807530084306414,9.0,82.3,1,HAAR,4.109699726104736
29.807530084306414,9.0,82.3,1,HAAR,4.141416311264038
29.807530084306414,9.0,82.3,1,HAAR,4.172243356704712
29.807530084306414,9.0,82.3,1,HAAR,4.207201719284058
29.807530084306414,9.0,82.3,1,HAAR,4.236676931381226
29.807530084306414,9.0,82.3,1,HAAR,4.295441389083862
29.807530084306414,9.0,82.3,1,HAAR,4.3182361125946045
29.807530084306414,9.0,82.3,1,HAAR,4.349134683609009
29.807530084306414,9.0,82.3,1,HAAR,4.3793370723724365
29.807530084306414,9.0,82.3,1,HAAR,4.4122419357299805
29.807530084306414,9.0,82.3,1,HAAR,4.444401264190674
29.807530084306414,9.0,82.3,1,HAAR,4.477406740188599
29.807530084306414,9.0,82.3,1,HAAR,4.5095860958099365
29.807530084306414,9.0,82.3,1,HAAR,4.5411317348480225
29.807530084306414,9.0,82.3,1,HAAR,4.572984457015991
29.807530084306414,9.0,82.3,1,HAAR,4.6085615158081055
29.807530084306414,9.0,82.3,1,HAAR,4.652421474456787
29.807530084306414,9.0,82.3,1,HAAR,4.685354948043823
29.807530084306414,9.0,82.3,1,HAAR,4.716940879821777
29.807530084306414,9.0,82.3,1,HAAR,4.749567031860352
29.807530084306414,9.0,82.3,1,HAAR,4.7805516719818115
29.807530084306414,9.0,82.3,1,HAAR,4.8135035037994385
29.807530084306414,9.0,82.3,1,HAAR,4.844825744628906
29.807530084306414,9.0,82.3,0,HAAR,4.876685380935669
29.807530084306414,9.0,82.3,0,HAAR,4.9077301025390625
29.807530084306414,9.0,82.3,0,HAAR,4.941056728363037
29.807530084306414,9.0,82.3,0,HAAR,4.973418712615967
29.807530084306414,9.0,82.3,0,HAAR,5.020315408706665
29.714312702644623,9.6,82.3,0,HAAR,5.058499574661255
29.714312702644623,9.6,82.3,0,HAAR,5.085874319076538
29.714312702644623,9.6,82.3,0,HAAR,5.115101099014282
29.714312702644623,9.6,82.3,1,HAAR,5.148647308349609
29.714312702644623,9.6,82.3,1,HAAR,5.181419610977173
29.714312702644623,9.6,82.3,0,HAAR,5.21280837059021
29.714312702644623,9.6,82.3,0,HAAR,5.244614601135254
29.714312702644623,9.6,82.3,1,HAAR,5.277655839920044
29.714312702644623,9.6,82.3,0,HAAR,5.3146889209747314
29.714312702644623,9.6,82.3,1,HAAR,5.357017278671265
29.714312702644623,9.6,82.3,1,HAAR,5.389684438705444
29.714312702644623,9.6,82.3,1,HAAR,5.420492887496948
29.714312702644623,9.6,82.3,1,HAAR,5.466877698898315
29.714312702644623,9.6,82.3,1,HAAR,5.48530912399292
29.714312702644623,9.6,82.3,1,HAAR,5.516232967376709
29.714312702644623,9.6,82.3,1,HAAR,5.558186054229736
29.714312702644623,9.6,82.3,1,HAAR,5.580310106277466
29.714312702644623,9.6,82.3,1,HAAR,5.61451268196106
29.714312702644623,9.6,82.3,1,HAAR,5.64538836479187
29.714312702644623,9.6,82.3,1,HAAR,5.676267385482788
29.714312702644623,9.6,82.3,1,HAAR,5.727351427078247
29.714312702644623,9.6,82.3,1,HAAR,5.75735878944397
29.714312702644623,9.6,82.3,1,HAAR,5.79946231842041
29.714312702644623,9.6,82.3,1,HAAR,5.8213050365448
29.714312702644623,9.6,82.3,1,HAAR,5.852962970733643
29.714312702644623,9.6,82.3,1,HAAR,5.8854711055755615
29.714312702644623,9.6,82.3,1,HAAR,5.915796756744385
29.714312702644623,9.6,82.3,1,HAAR,5.963102102279663
29.714312702644623,9.6,82.3,1,HAAR,5.982792377471924
29.714312702644623,9.6,82.3,1,HAAR,6.013547658920288
29.714312702644623,9.6,82.3,1,HAAR,6.0439441204071045
29.881367979976655,8.9,82.3,1,HAAR,6.09717583656311
29.881367979976655,8.9,82.3,1,HAAR,6.124404430389404
29.881367979976655,8.9,82.3,1,HAAR,6.162621021270752
29.881367979976655,8.9,82.3,1,HAAR,6.188724040985107
29.881367979976655,8.9,82.3,0,HAAR,6.221349477767944
29.881367979976655,8.9,82.3,0,HAAR,6.2542688846588135
29.881367979976655,8.9,82.3,0,HAAR,6.2922446727752686
29.881367979976655,8.9,82.3,0,HAAR,6.316213607788086
29.881367979976655,8.9,82.3,0,HAAR,6.347744464874268
29.881367979976655,8.9,82.3,0,HAAR,6.382418155670166
29.881367979976655,8.9,82.3,0,HAAR,6.429560422897339
29.881367979976655,8.9,82.3,0,HAAR,6.4605584144592285
29.881367979976655,8.9,82.3,0,HAAR,6.490581750869751
29.881367979976655,8.9,82.3,1,HAAR,6.523790121078491
29.881367979976655,8.9,82.3,0,HAAR,6.557016372680664
29.881367979976655,8.9,82.3,0,HAAR,6.589299917221069
29.881367979976655,8.9,82.3,0,HAAR,6.618797302246094
29.881367979976655,8.9,82.3,0,HAAR,6.652900695800781
29.881367979976655,8.9,82.3,0,HAAR,6.685797214508057
29.881367979976655,8.9,82.3,0,HAAR,6.716740608215332
29.881367979976655,8.9,82.3,0,HAAR,6.748674631118774
29.881367979976655,8.9,82.3,0,HAAR,6.796720266342163
29.881367979976655,8.9,82.3,0,HAAR,6.8284828662872314
29.881367979976655,8.9,82.3,0,HAAR,6.860476732254028
29.881367979976655,8.9,82.3,0,HAAR,6.8935158252716064
29.881367979976655,8.9,82.3,1,HAAR,6.92468523979187
29.881367979976655,8.9,82.3,0,HAAR,6.9572014808654785
29.881367979976655,8.9,82.3,0,HAAR,6.988918781280518
29.881367979976655,8.9,82.3,1,HAAR,7.019481182098389
29.881367979976655,8.9,82.3,1,HAAR,7.051481485366821
29.881367979976655,8.9,82.3,1,HAAR,7.0864973068237305
29.82000538956832,15.8,82.3,1,HAAR,7.136529922485352
29.82000538956832,15.8,82.3,1,HAAR,7.164506196975708
29.82000538956832,15.8,82.3,1,HAAR,7.196513891220093
29.82000538956832,15.8,82.3,1,HAAR,7.228178262710571
29.82000538956832,15.8,82.3,1,HAAR,7.261178255081177
29.82000538956832,15.8,82.3,1,HAAR,7.291183948516846
29.82000538956832,15.8,82.3,1,HAAR,7.325276851654053
29.82000538956832,15.8,82.3,1,HAAR,7.356773614883423
29.82000538956832,15.8,82.3,1,HAAR,7.388597011566162
29.82000538956832,15.8,82.3,1,HAAR,7.42084002494812
29.82000538956832,15.8,82.3,1,HAAR,7.452787160873413
29.82000538956832,15.8,82.3,1,HAAR,7.500952482223511
29.82000538956832,15.8,82.3,1,HAAR,7.533419847488403
29.82000538956832,15.8,82.3,1,HAAR,7.566418886184692
29.82000538956832,15.8,82.3,1,HAAR,7.597274541854858
29.82000538956832,15.8,82.3,1,HAAR,7.628885746002197
29.82000538956832,15.8,82.3,1,HAAR,7.662358283996582
29.82000538956832,15.8,82.3,1,HAAR,7.692332029342651
29.82000538956832,15.8,82.3,1,HAAR,7.724179029464722
29.82000538956832,15.8,82.3,1,HAAR,7.757293462753296
29.82000538956832,15.8,82.3,1,HAAR,7.788197994232178
29.82000538956832,15.8,82.3,1,HAAR,7.810205698013306
29.82000538956832,15.8,82.3,1,HAAR,7.826652765274048
29.82000538956832,15.8,82.3,1,HAAR,7.901673316955566
29.82000538956832,15.8,82.3,0,HAAR,7.932171821594238
29.82000538956832,15.8,82.3,0,HAAR,7.965163946151733
29.82000538956832,15.8,82.3,0,HAAR,7.997203588485718
29.82000538956832,15.8,82.3,0,HAAR,8.02979063987732
29.82000538956832,15.8,82.3,0,HAAR,8.060849666595459
29.82000538956832,15.8,82.3,0,HAAR,8.092747211456299
29.82000538956832,15.8,82.3,0,HAAR,8.125909805297852
30.21043680139333,21.6,82.4,0,HAAR,8.161647319793701
30.21043680139333,21.6,82.4,0,HAAR,8.186623096466064
30.21043680139333,21.6,82.4,0,HAAR,8.203441619873047
30.21043680139333,21.6,82.4,0,HAAR,8.234429597854614
30.21043680139333,21.6,82.4,0,HAAR,8.299194097518921
30.21043680139333,21.6,82.4,0,HAAR,8.331330060958862
30.21043680139333,21.6,82.4,0,HAAR,8.379318475723267
30.21043680139333,21.6,82.4,0,HAAR,8.398614168167114
30.21043680139333,21.6,82.4,0,HAAR,8.428512573242188
30.21043680139333,21.6,82.4,0,HAAR,8.46863317489624
30.21043680139333,21.6,82.4,0,HAAR,8.491487264633179
30.21043680139333,21.6,82.4,0,HAAR,8.522955894470215
30.21043680139333,21.6,82.4,0,HAAR,8.539954900741577
30.21043680139333,21.6,82.4,0,HAAR,8.57195520401001
30.21043680139333,21.6,82.4,0,HAAR,8.604976654052734
30.21043680139333,21.6,82.4,0,HAAR,8.63651180267334
30.21043680139333,21.6,82.4,0,HAAR,8.699707269668579
30.21043680139333,21.6,82.4,0,HAAR,8.73219919204712
30.21043680139333,21.6,82.4,0,HAAR,8.764580249786377
30.21043680139333,21.6,82.4,0,HAAR,8.796579599380493
30.21043680139333,21.6,82.4,0,HAAR,8.829134225845337
30.21043680139333,21.6,82.4,1,HAAR,8.861418008804321
30.21043680139333,21.6,82.4,1,HAAR,8.884497880935669
30.21043680139333,21.6,82.4,1,HAAR,8.89854121208191
30.21043680139333,21.6,82.4,1,HAAR,8.940901517868042
30.21043680139333,21.6,82.4,1,HAAR,8.972640037536621
30.21043680139333,21.6,82.4,1,HAAR,9.004670143127441
30.21043680139333,21.6,82.4,1,HAAR,9.03997802734375
30.21043680139333,21.6,82.4,1,HAAR,9.10213041305542
30.21043680139333,21.6,82.4,1,HAAR,9.132882833480835
29.785191474695665,12.0,82.4,1,HAAR,9.169876098632812
29.785191474695665,12.0,82.4,1,HAAR,9.19687008857727
29.785191474695665,12.0,82.4,1,HAAR,9.229456901550293
29.785191474695665,12.0,82.4,1,HAAR,9.243457555770874
29.785191474695665,12.0,82.4,1,HAAR,9.276439905166626
29.785191474695665,12.0,82.4,1,HAAR,9.30846118927002
29.785191474695665,12.0,82.4,1,HAAR,9.339993953704834
29.785191474695665,12.0,82.4,1,HAAR,9.372986316680908
29.785191474695665,12.0,82.4,1,HAAR,9.404632091522217
29.785191474695665,12.0,82.4,1,HAAR,9.438396215438843
29.785191474695665,12.0,82.4,1,HAAR,9.502844095230103
29.785191474695665,12.0,82.4,1,HAAR,9.532989263534546
29.785191474695665,12.0,82.4,1,HAAR,9.564629316329956
29.785191474695665,12.0,82.4,1,HAAR,9.596528768539429
29.785191474695665,12.0,82.4,1,HAAR,9.619093418121338
29.785191474695665,12.0,82.4,1,HAAR,9.644110679626465
29.785191474695665,12.0,82.4,0,HAAR,9.676094055175781
29.785191474695665,12.0,82.4,0,HAAR,9.7081618309021
29.785191474695665,12.0,82.4,1,HAAR,9.740472555160522
29.785191474695665,12.0,82.4,1,HAAR,9.772573232650757
29.785191474695665,12.0,82.4,0,HAAR,9.805758476257324
29.785191474695665,12.0,82.4,0,HAAR,9.835715055465698
29.785191474695665,12.0,82.4,0,HAAR,9.909204721450806
29.785191474695665,12.0,82.4,0,HAAR,9.932713508605957
29.785191474695665,12.0,82.4,0,HAAR,9.947750568389893
29.785191474695665,12.0,82.4,0,HAAR,9.96471381187439
29.785191474695665,12.0,82.4,0,HAAR,10.011717557907104
29.785191474695665,12.0,82.4,1,HAAR,10.04428243637085
29.785191474695665,12.0,82.4,0,HAAR,10.07668161392212
29.785191474695665,12.0,82.4,0,HAAR,10.11059284210205
29.785191474695665,12.0,82.4,0,HAAR,10.141480684280396
30.77125715569084,16.7,82.4,0,HAAR,10.177287578582764
30.77125715569084,16.7,82.4,0,HAAR,10.203426122665405
30.77125715569084,16.7,82.4,1,HAAR,10.23689317703247
30.77125715569084,16.7,82.4,0,HAAR,10.303201913833618
30.77125715569084,16.7,82.4,0,HAAR,10.324172019958496
30.77125715569084,16.7,82.4,1,HAAR,10.348099708557129
30.77125715569084,16.7,82.4,0,HAAR,10.380916833877563
30.77125715569084,16.7,82.4,0,HAAR,10.412313222885132
30.77125715569084,16.7,82.4,0,HAAR,10.44347596168518
30.77125715569084,16.7,82.4,1,HAAR,10.476917028427124
30.77125715569084,16.7,82.4,0,HAAR,10.508015871047974
30.77125715569084,16.7,82.4,0,HAAR,10.542031288146973
30.77125715569084,16.7,82.4,1,HAAR,10.571050643920898
30.77125715569084,16.7,82.4,1,HAAR,10.60448956489563
30.77125715569084,16.7,82.4,1,HAAR,10.635165452957153
30.77125715569084,16.7,82.4,1,HAAR,10.668086290359497
30.77125715569084,16.7,82.4,1,HAAR,10.715652704238892
30.77125715569084,16.7,82.4,1,HAAR,10.749817132949829
30.77125715569084,16.7,82.4,1,HAAR,10.780816555023193
30.77125715569084,16.7,82.4,1,HAAR,10.81290888786316
30.77125715569084,16.7,82.4,1,HAAR,10.846458196640015
30.77125715569084,16.7,82.4,1,HAAR,10.876451015472412
30.77125715569084,16.7,82.4,1,HAAR,10.906450986862183
30.77125715569084,16.7,82.4,1,HAAR,10.940708637237549
30.77125715569084,16.7,82.4,1,HAAR,10.972708702087402
30.77125715569084,16.7,82.4,1,HAAR,11.0048086643219
30.77125715569084,16.7,82.4,1,HAAR,11.0367910861969
30.77125715569084,16.7,82.4,1,HAAR,11.082763671875
30.77125715569084,16.7,82.4,1,HAAR,11.114769458770752
30.77125715569084,16.7,82.4,1,HAAR,11.149462938308716
29.727145281069134,15.4,82.3,1,HAAR,11.186447620391846
29.727145281069134,15.4,82.3,1,HAAR,11.213451862335205
29.727145281069134,15.4,82.3,1,HAAR,11.242959260940552
29.727145281069134,15.4,82.3,1,HAAR,11.275516510009766
29.727145281069134,15.4,82.3,1,HAAR,11.308016061782837
29.727145281069134,15.4,82.3,1,HAAR,11.340080738067627
29.727145281069134,15.4,82.3,1,HAAR,11.373414516448975
29.727145281069134,15.4,82.3,1,HAAR,11.420101404190063
29.727145281069134,15.4,82.3,1,HAAR,11.452230215072632
29.727145281069134,15.4,82.3,1,HAAR,11.49587106704712
29.727145281069134,15.4,82.3,1,HAAR,11.517024517059326
29.727145281069134,15.4,82.3,0,HAAR,11.548800945281982
29.727145281069134,15.4,82.3,0,HAAR,11.580185890197754
29.727145281069134,15.4,82.3,0,HAAR,11.61225700378418
29.727145281069134,15.4,82.3,0,HAAR,11.64419436454773
29.727145281069134,15.4,82.3,0,HAAR,11.675922632217407
29.727145281069134,15.4,82.3,0,HAAR,11.709659576416016
29.727145281069134,15.4,82.3,0,HAAR,11.7394540309906
29.727145281069134,15.4,82.3,0,HAAR,11.789117574691772
29.727145281069134,15.4,82.3,0,HAAR,11.82248592376709
29.727145281069134,15.4,82.3,0,HAAR,11.851765632629395
29.727145281069134,15.4,82.3,0,HAAR,11.884393215179443
29.727145281069134,15.4,82.3,0,HAAR,11.916652202606201
29.727145281069134,15.4,82.3,0,HAAR,11.948256254196167
29.727145281069134,15.4,82.3,0,HAAR,11.979514837265015
29.727145281069134,15.4,82.3,0,HAAR,12.012285947799683
29.727145281069134,15.4,82.3,0,HAAR,12.053937911987305
29.727145281069134,15.4,82.3,0,HAAR,12.076584100723267
29.727145281069134,15.4,82.3,0,HAAR,12.108853578567505
29.727145281069134,15.4,82.3,0,HAAR,12.155475378036499
29.785663865379124,10.9,82.2,1,HAAR,12.193618774414062
29.785663865379124,10.9,82.2,1,HAAR,12.220181703567505
29.785663865379124,10.9,82.2,1,HAAR,12.255743026733398
29.785663865379124,10.9,82.2,1,HAAR,12.285298824310303
29.785663865379124,10.9,82.2,1,HAAR,12.316236972808838
29.785663865379124,10.9,82.2,1,HAAR,12.347719669342041
29.785663865379124,10.9,82.2,1,HAAR,12.38057255744934
29.785663865379124,10.9,82.2,1,HAAR,12.427469968795776
29.785663865379124,10.9,82.2,1,HAAR,12.446127653121948
29.785663865379124,10.9,82.2,1,HAAR,12.492462396621704
29.785663865379124,10.9,82.2,1,HAAR,12.524665117263794
29.785663865379124,10.9,82.2,1,HAAR,12.556711673736572
29.785663865379124,10.9,82.2,1,HAAR,12.592711210250854
29.785663865379124,10.9,82.2,1,HAAR,12.620872974395752
29.785663865379124,10.9,82.2,1,HAAR,12.653507232666016
29.785663865379124,10.9,82.2,1,HAAR,12.685505151748657
29.785663865379124,10.9,82.2,1,HAAR,12.717874526977539
29.785663865379124,10.9,82.2,1,HAAR,12.74787974357605
29.785663865379124,10.9,82.2,1,HAAR,12.780272245407104
29.785663865379124,10.9,82.2,1,HAAR,12.812459945678711
29.785663865379124,10.9,82.2,1,HAAR,12.860587358474731
29.785663865379124,10.9,82.2,1,HAAR,12.893570184707642
29.785663865379124,10.9,82.2,1,HAAR,12.924611330032349
29.785663865379124,10.9,82.2,1,HAAR,12.956162929534912
29.785663865379124,10.9,82.2,0,HAAR,12.989163637161255
29.785663865379124,10.9,82.2,1,HAAR,13.021214723587036
29.785663865379124,10.9,82.2,0,HAAR,13.051759004592896
29.785663865379124,10.9,82.2,0,HAAR,13.084035396575928
29.785663865379124,10.9,82.2,0,HAAR,13.119045495986938
29.785663865379124,10.9,82.2,1,HAAR,13.148778915405273
29.785663865379124,10.9,82.2,0,HAAR,13.180219650268555
29.827099139803792,17.2,82.4,0,HAAR,13.23298692703247
29.827099139803792,17.2,82.4,0,HAAR,13.260005474090576
29.827099139803792,17.2,82.4,0,HAAR,13.300568580627441
29.827099139803792,17.2,82.4,1,HAAR,13.325891733169556
29.827099139803792,17.2,82.4,0,HAAR,13.358041763305664
29.827099139803792,17.2,82.4,0,HAAR,13.39061689376831
29.827099139803792,17.2,82.4,0,HAAR,13.420244693756104
29.827099139803792,17.2,82.4,1,HAAR,13.452378988265991
29.827099139803792,17.2,82.4,1,HAAR,13.485536813735962
29.827099139803792,17.2,82.4,1,HAAR,13.518868923187256
29.827099139803792,17.2,82.4,1,HAAR,13.565464735031128
29.827099139803792,17.2,82.4,1,HAAR,13.596789121627808
29.827099139803792,17.2,82.4,1,HAAR,13.627782583236694
29.827099139803792,17.2,82.4,1,HAAR,13.659536838531494
29.827099139803792,17.2,82.4,1,HAAR,13.705327987670898
29.827099139803792,17.2,82.4,1,HAAR,13.723579168319702
29.827099139803792,17.2,82.4,1,HAAR,13.758482694625854
29.827099139803792,17.2,82.4,1,HAAR,13.789619445800781
29.827099139803792,17.2,82.4,1,HAAR,13.821326494216919
29.827099139803792,17.2,82.4,1,HAAR,13.85364842414856
29.827099139803792,17.2,82.4,1,HAAR,13.886475086212158
29.827099139803792,17.2,82.4,1,HAAR,13.93336033821106
29.827099139803792,17.2,82.4,1,HAAR,13.973527193069458
29.827099139803792,17.2,82.4,1,HAAR,13.997332096099854
29.827099139803792,17.2,82.4,1,HAAR,14.028784275054932
29.827099139803792,17.2,82.4,1,HAAR,14.060286283493042
29.827099139803792,17.2,82.4,1,HAAR,14.093328475952148
29.827099139803792,17.2,82.4,1,HAAR,14.124141931533813
29.827099139803792,17.2,82.4,1,HAAR,14.156608819961548
29.827099139803792,17.2,82.4,1,HAAR,14.190009117126465
29.827099139803792,17.2,82.4,1,HAAR,14.223483085632324
30.825745007010408,13.4,82.5,1,HAAR,14.23874306678772
30.825745007010408,13.4,82.5,1,HAAR,14.303811073303223
30.825745007010408,13.4,82.5,1,HAAR,14.333096027374268
30.825745007010408,13.4,82.5,1,HAAR,14.363922357559204
30.825745007010408,13.4,82.5,1,HAAR,14.398412227630615
30.825745007010408,13.4,82.5,1,HAAR,14.431725978851318
30.825745007010408,13.4,82.5,1,HAAR,14.461835145950317
30.825745007010408,13.4,82.5,1,HAAR,14.492329120635986
30.825745007010408,13.4,82.5,1,HAAR,14.525656461715698
30.825745007010408,13.4,82.5,1,HAAR,14.558423042297363
30.825745007010408,13.4,82.5,1,HAAR,14.59038519859314
30.825745007010408,13.4,82.5,1,HAAR,14.610497951507568
30.825745007010408,13.4,82.5,1,HAAR,14.637795686721802
30.825745007010408,13.4,82.5,1,HAAR,14.699087619781494
30.825745007010408,13.4,82.5,1,HAAR,14.737547159194946
30.825745007010408,13.4,82.5,1,HAAR,14.764299631118774
30.825745007010408,13.4,82.5,1,HAAR,14.796338319778442
30.825745007010408,13.4,82.5,1,HAAR,14.838161945343018
30.825745007010408,13.4,82.5,1,HAAR,14.861114025115967
30.825745007010408,13.4,82.5,1,HAAR,14.893169164657593
30.825745007010408,13.4,82.5,1,HAAR,14.925384521484375
30.825745007010408,13.4,82.5,1,HAAR,14.938676118850708
30.825745007010408,13.4,82.5,1,HAAR,14.956589937210083
30.825745007010408,13.4,82.5,1,HAAR,15.005080461502075
30.825745007010408,13.4,82.5,1,HAAR,15.039393424987793
30.825745007010408,13.4,82.5,1,HAAR,15.113701105117798
30.825745007010408,13.4,82.5,1,HAAR,15.137756586074829
30.825745007010408,13.4,82.5,1,HAAR,15.164786577224731
30.825745007010408,13.4,82.5,1,HAAR,15.197433233261108
30.825745007010408,13.4,82.5,1,HAAR,15.229485511779785
29.194691415313226,11.2,82.5,1,HAAR,15.27022099494934
29.194691415313226,11.2,82.5,1,HAAR,15.293238878250122
29.194691415313226,11.2,82.5,1,HAAR,15.305531978607178
29.194691415313226,11.2,82.5,1,HAAR,15.323082447052002
29.194691415313226,11.2,82.5,1,HAAR,15.37364387512207
29.194691415313226,11.2,82.5,1,HAAR,15.40491247177124
29.194691415313226,11.2,82.5,1,HAAR,15.437036991119385
29.194691415313226,11.2,82.5,1,HAAR,15.500800848007202
29.194691415313226,11.2,82.5,1,HAAR,15.53271222114563
29.194691415313226,11.2,82.5,1,HAAR,15.56760835647583
29.194691415313226,11.2,82.5,1,HAAR,15.597588300704956
29.194691415313226,11.2,82.5,1,HAAR,15.628522157669067
29.194691415313226,11.2,82.5,1,HAAR,15.662662267684937
29.194691415313226,11.2,82.5,1,HAAR,15.678076982498169
29.194691415313226,11.2,82.5,1,HAAR,15.708132982254028
29.194691415313226,11.2,82.5,1,HAAR,15.740199327468872
29.194691415313226,11.2,82.5,0,HAAR,15.7721586227417
29.194691415313226,11.2,82.5,0,HAAR,15.804242134094238
29.194691415313226,11.2,82.5,0,HAAR,15.836188554763794
29.194691415313226,11.2,82.5,1,HAAR,15.908485889434814
29.194691415313226,11.2,82.5,1,HAAR,15.931880235671997
29.194691415313226,11.2,82.5,1,HAAR,15.965616226196289
29.194691415313226,11.2,82.5,1,HAAR,15.99643874168396
29.194691415313226,11.2,82.5,1,HAAR,16.018735885620117
29.194691415313226,11.2,82.5,0,HAAR,16.034088373184204
29.194691415313226,11.2,82.5,0,HAAR,16.07551908493042
29.194691415313226,11.2,82.5,0,HAAR,16.110038995742798
29.194691415313226,11.2,82.5,0,HAAR,16.13901114463806
29.194691415313226,11.2,82.5,0,HAAR,16.171411514282227
29.194691415313226,11.2,82.5,0,HAAR,16.20390272140503
29.194691415313226,11.2,82.5,0,HAAR,16.236233711242676
29.85781834239508,8.2,82.5,1,HAAR,16.303478717803955
29.85781834239508,8.2,82.5,1,HAAR,16.333716869354248
29.85781834239508,8.2,82.5,1,HAAR,16.371933460235596
29.85781834239508,8.2,82.5,1,HAAR,16.393579959869385
29.85781834239508,8.2,82.5,1,HAAR,16.409040451049805
29.85781834239508,8.2,82.5,0,HAAR,16.444615125656128
29.85781834239508,8.2,82.5,1,HAAR,16.47591280937195
29.85781834239508,8.2,82.5,1,HAAR,16.508424282073975
29.85781834239508,8.2,82.5,1,HAAR,16.541563749313354
29.85781834239508,8.2,82.5,1,HAAR,16.573434114456177
29.85781834239508,8.2,82.5,1,HAAR,16.6063973903656
29.85781834239508,8.2,82.5,1,HAAR,16.63663148880005
29.85781834239508,8.2,82.5,1,HAAR,16.70093560218811
29.85781834239508,8.2,82.5,1,HAAR,16.733394384384155
29.85781834239508,8.2,82.5,1,HAAR,16.748960494995117
29.85781834239508,8.2,82.5,1,HAAR,16.780478715896606
29.85781834239508,8.2,82.5,1,HAAR,16.811036586761475
29.85781834239508,8.2,82.5,1,HAAR,16.844640493392944
29.85781834239508,8.2,82.5,1,HAAR,16.876494884490967
29.85781834239508,8.2,82.5,1,HAAR,16.90832233428955
29.85781834239508,8.2,82.5,1,HAAR,16.942503213882446
29.85781834239508,8.2,82.5,1,HAAR,16.97464919090271
29.85781834239508,8.2,82.5,1,HAAR,17.00435972213745
29.85781834239508,8.2,82.5,1,HAAR,17.049262285232544
29.85781834239508,8.2,82.5,1,HAAR,17.068691730499268
29.85781834239508,8.2,82.5,1,HAAR,17.100446701049805
29.85781834239508,8.2,82.5,1,HAAR,17.150519132614136
29.85781834239508,8.2,82.5,1,HAAR,17.181721925735474
29.85781834239508,8.2,82.5,1,HAAR,17.211141109466553
29.85781834239508,8.2,82.5,1,HAAR,17.245073795318604
29.85781834239508,8.2,82.5,1,HAAR,17.276466369628906
30.72406747396545,9.7,82.4,1,HAAR,17.312419176101685
30.72406747396545,9.7,82.4,1,HAAR,17.33871364593506
30.72406747396545,9.7,82.4,1,HAAR,17.373570919036865
30.72406747396545,9.7,82.4,1,HAAR,17.405370235443115
30.72406747396545,9.7,82.4,1,HAAR,17.436774730682373
30.72406747396545,9.7,82.4,1,HAAR,17.48418688774109
30.72406747396545,9.7,82.4,1,HAAR,17.516387701034546
30.72406747396545,9.7,82.4,1,HAAR,17.55061984062195
30.72406747396545,9.7,82.4,1,HAAR,17.579687118530273
30.72406747396545,9.7,82.4,1,HAAR,17.613624811172485
30.72406747396545,9.7,82.4,1,HAAR,17.645100355148315
30.72406747396545,9.7,82.4,1,HAAR,17.67735743522644
30.72406747396545,9.7,82.4,1,HAAR,17.70907425880432
30.72406747396545,9.7,82.4,1,HAAR,17.740588903427124
30.72406747396545,9.7,82.4,1,HAAR,17.774001598358154
30.72406747396545,9.7,82.4,1,HAAR,17.805906295776367
30.72406747396545,9.7,82.4,1,HAAR,17.85270929336548
30.72406747396545,9.7,82.4,1,HAAR,17.884616374969482
30.72406747396545,9.7,82.4,1,HAAR,17.91596293449402
30.72406747396545,9.7,82.4,1,HAAR,17.95005178451538
30.72406747396545,9.7,82.4,1,HAAR,17.981804370880127
30.72406747396545,9.7,82.4,1,HAAR,18.01064682006836
30.72406747396545,9.7,82.4,1,HAAR,18.047064304351807
30.72406747396545,9.7,82.4,1,HAAR,18.07641077041626
30.72406747396545,9.7,82.4,1,HAAR,18.108701467514038
30.72406747396545,9.7,82.4,1,HAAR,18.141916036605835
30.72406747396545,9.7,82.4,0,HAAR,18.174168586730957
30.72406747396545,9.7,82.4,0,HAAR,18.22007703781128
30.72406747396545,9.7,82.4,1,HAAR,18.263211250305176
30.72406747396545,9.7,82.4,0,HAAR,18.28402066230774
29.7542226793885,7.0,82.4,1,HAAR,18.321733713150024
29.7542226793885,7.0,82.4,1,HAAR,18.348678588867188
29.7542226793885,7.0,82.4,1,HAAR,18.381558418273926
29.7542226793885,7.0,82.4,1,HAAR,18.419245719909668
29.7542226793885,7.0,82.4,1,HAAR,18.444777011871338
29.7542226793885,7.0,82.4,1,HAAR,18.477773666381836
29.7542226793885,7.0,82.4,1,HAAR,18.510528326034546
29.7542226793885,7.0,82.4,1,HAAR,18.55611801147461
29.7542226793885,7.0,82.4,1,HAAR,18.588439464569092
29.7542226793885,7.0,82.4,1,HAAR,18.621200561523438
29.7542226793885,7.0,82.4,1,HAAR,18.653613328933716
29.7542226793885,7.0,82.4,1,HAAR,18.686476707458496
29.7542226793885,7.0,82.4,1,HAAR,18.71985650062561
29.7542226793885,7.0,82.4,1,HAAR,18.751075267791748
29.7542226793885,7.0,82.4,1,HAAR,18.780627250671387
29.7542226793885,7.0,82.4,1,HAAR,18.812236547470093
29.7542226793885,7.0,82.4,1,HAAR,18.845008850097656
29.7542226793885,7.0,82.4,1,HAAR,18.87711191177368
29.7542226793885,7.0,82.4,1,HAAR,18.924700498580933
29.7542226793885,7.0,82.4,1,HAAR,18.958404541015625
29.7542226793885,7.0,82.4,1,HAAR,18.98896026611328
29.7542226793885,7.0,82.4,1,HAAR,19.021247386932373
29.7542226793885,7.0,82.4,1,HAAR,19.053385496139526
29.7542226793885,7.0,82.4,1,HAAR,19.085082054138184
29.7542226793885,7.0,82.4,1,HAAR,19.11855936050415
29.7542226793885,7.0,82.4,1,HAAR,19.14778184890747
29.7542226793885,7.0,82.4,1,HAAR,19.181842803955078
29.7542226793885,7.0,82.4,1,HAAR,19.212779760360718
29.7542226793885,7.0,82.4,1,HAAR,19.243698358535767
29.7542226793885,7.0,82.4,1,HAAR,19.29301428794861
29.731949818034373,9.9,82.3,1,HAAR,19.33079504966736
29.731949818034373,9.9,82.3,1,HAAR,19.354650497436523
29.731949818034373,9.9,82.3,1,HAAR,19.388338088989258
29.731949818034373,9.9,82.3,1,HAAR,19.420833349227905
29.731949818034373,9.9,82.3,1,HAAR,19.452687740325928
29.731949818034373,9.9,82.3,1,HAAR,19.48419499397278
29.731949818034373,9.9,82.3,1,HAAR,19.51764440536499
29.731949818034373,9.9,82.3,1,HAAR,19.55004620552063
29.731949818034373,9.9,82.3,1,HAAR,19.58188557624817
29.731949818034373,9.9,82.3,1,HAAR,19.62948441505432
29.731949818034373,9.9,82.3,1,HAAR,19.66036367416382
29.731949818034373,9.9,82.3,1,HAAR,19.691538333892822
29.731949818034373,9.9,82.3,1,HAAR,19.72397541999817
29.731949818034373,9.9,82.3,1,HAAR,19.756683826446533
29.731949818034373,9.9,82.3,1,HAAR,19.788850784301758
29.731949818034373,9.9,82.3,1,HAAR,19.822118520736694
29.731949818034373,9.9,82.3,1,HAAR,19.853570461273193
29.731949818034373,9.9,82.3,1,HAAR,19.88419461250305
29.731949818034373,9.9,82.3,1,HAAR,19.916751384735107
29.731949818034373,9.9,82.3,1,HAAR,19.95016646385193
29.731949818034373,9.9,82.3,1,HAAR,19.996534824371338
29.731949818034373,9.9,82.3,1,HAAR,20.027828693389893
29.731949818034373,9.9,82.3,1,HAAR,20.059080362319946
29.731949818034373,9.9,82.3,1,HAAR,20.109676837921143
29.731949818034373,9.9,82.3,1,HAAR,20.125300884246826
29.731949818034373,9.9,82.3,1,HAAR,20.156797170639038
29.731949818034373,9.9,82.3,1,HAAR,20.19872546195984
29.731949818034373,9.9,82.3,1,HAAR,20.220332145690918
29.731949818034373,9.9,82.3,1,HAAR,20.25186014175415
29.731949818034373,9.9,82.3,1,HAAR,20.284246921539307
29.731949818034373,9.9,82.3,1,HAAR,20.31725287437439
29.869952198308102,11.5,82.4,1,HAAR,20.368547201156616
29.869952198308102,11.5,82.4,1,HAAR,20.39808964729309
29.869952198308102,11.5,82.4,1,HAAR,20.43718910217285
29.869952198308102,11.5,82.4,1,HAAR,20.460291147232056
29.869952198308102,11.5,82.4,1,HAAR,20.492194414138794
29.869952198308102,11.5,82.4,1,HAAR,20.524595260620117
29.869952198308102,11.5,82.4,1,HAAR,20.557661533355713
29.869952198308102,11.5,82.4,1,HAAR,20.588001489639282
29.869952198308102,11.5,82.4,1,HAAR,20.622151851654053
29.869952198308102,11.5,82.4,1,HAAR,20.652642488479614
29.869952198308102,11.5,82.4,1,HAAR,20.70074486732483
29.869952198308102,11.5,82.4,1,HAAR,20.732607126235962
29.869952198308102,11.5,82.4,1,HAAR,20.7648446559906
29.869952198308102,11.5,82.4,1,HAAR,20.79701280593872
29.869952198308102,11.5,82.4,1,HAAR,20.8300039768219
29.869952198308102,11.5,82.4,1,HAAR,20.871736764907837
29.869952198308102,11.5,82.4,1,HAAR,20.892273902893066
29.869952198308102,11.5,82.4,1,HAAR,20.92371916770935
29.869952198308102,11.5,82.4,1,HAAR,20.95585036277771
29.869952198308102,11.5,82.4,1,HAAR,20.98723316192627
29.869952198308102,11.5,82.4,1,HAAR,21.020961046218872
29.869952198308102,11.5,82.4,1,HAAR,21.040774822235107
29.869952198308102,11.5,82.4,1,HAAR,21.10027003288269
29.869952198308102,11.5,82.4,1,HAAR,21.131269931793213
29.869952198308102,11.5,82.4,1,HAAR,21.16388511657715
29.869952198308102,11.5,82.4,1,HAAR,21.1970534324646
29.869952198308102,11.5,82.4,1,HAAR,21.22704243659973
29.869952198308102,11.5,82.4,1,HAAR,21.261467218399048
29.869952198308102,11.5,82.4,1,HAAR,21.292469024658203
29.869952198308102,11.5,82.4,1,HAAR,21.324464559555054
29.869952198308102,11.5,82.4,1,HAAR,21.357316493988037
30.822500544037656,12.7,82.4,1,HAAR,21.37432551383972
30.822500544037656,12.7,82.4,1,HAAR,21.390852212905884
30.822500544037656,12.7,82.4,1,HAAR,21.436834812164307
30.822500544037656,12.7,82.4,1,HAAR,21.501416206359863
30.822500544037656,12.7,82.4,1,HAAR,21.531577110290527
30.822500544037656,12.7,82.4,1,HAAR,21.566239833831787
30.822500544037656,12.7,82.4,1,HAAR,21.598747968673706
30.822500544037656,12.7,82.4,0,HAAR,21.629441738128662
30.822500544037656,12.7,82.4,1,HAAR,21.663743019104004
30.822500544037656,12.7,82.4,1,HAAR,21.694323301315308
30.822500544037656,12.7,82.4,1,HAAR,21.724876642227173
30.822500544037656,12.7,82.4,1,HAAR,21.74468684196472
30.822500544037656,12.7,82.4,1,HAAR,21.773205518722534
30.822500544037656,12.7,82.4,1,HAAR,21.803876161575317
30.822500544037656,12.7,82.4,1,HAAR,21.836169242858887
30.822500544037656,12.7,82.4,1,HAAR,21.902528047561646
30.822500544037656,12.7,82.4,1,HAAR,21.932188034057617
30.822500544037656,12.7,82.4,1,HAAR,21.964799404144287
30.822500544037656,12.7,82.4,1,HAAR,21.99678945541382
30.822500544037656,12.7,82.4,1,HAAR,22.029890298843384
30.822500544037656,12.7,82.4,1,HAAR,22.05988621711731
30.822500544037656,12.7,82.4,1,HAAR,22.0709228515625
30.822500544037656,12.7,82.4,1,HAAR,22.093483686447144
30.822500544037656,12.7,82.4,1,HAAR,22.14164423942566
30.822500544037656,12.7,82.4,1,HAAR,22.17409873008728
30.822500544037656,12.7,82.4,1,HAAR,22.208251237869263
30.822500544037656,12.7,82.4,1,HAAR,22.23633575439453
30.822500544037656,12.7,82.4,1,HAAR,22.30243229866028
30.822500544037656,12.7,82.4,1,HAAR,22.333329916000366
30.822500544037656,12.7,82.4,0,HAAR,22.363841772079468
29.239126747144734,8.7,82.3,1,HAAR,22.400347471237183
29.239126747144734,8.7,82.3,1,HAAR,22.429245710372925
29.239126747144734,8.7,82.3,1,HAAR,22.446695566177368
29.239126747144734,8.7,82.3,1,HAAR,22.462502479553223
29.239126747144734,8.7,82.3,1,HAAR,22.523590803146362
29.239126747144734,8.7,82.3,1,HAAR,22.542314052581787
29.239126747144734,8.7,82.3,1,HAAR,22.57263159751892
29.239126747144734,8.7,82.3,1,HAAR,22.605137825012207
29.239126747144734,8.7,82.3,1,HAAR,22.63721513748169
29.239126747144734,8.7,82.3,1,HAAR,22.700360774993896
29.239126747144734,8.7,82.3,1,HAAR,22.73220944404602
29.239126747144734,8.7,82.3,1,HAAR,22.776101112365723
29.239126747144734,8.7,82.3,1,HAAR,22.797603607177734
29.239126747144734,8.7,82.3,1,HAAR,22.821752786636353
29.239126747144734,8.7,82.3,1,HAAR,22.844226837158203
29.239126747144734,8.7,82.3,1,HAAR,22.87562918663025
29.239126747144734,8.7,82.3,1,HAAR,22.909003734588623
29.239126747144734,8.7,82.3,1,HAAR,22.941118478775024
29.239126747144734,8.7,82.3,1,HAAR,22.973567247390747
29.239126747144734,8.7,82.3,1,HAAR,23.005844354629517
29.239126747144734,8.7,82.3,1,HAAR,23.03835940361023
29.239126747144734,8.7,82.3,1,HAAR,23.101680040359497
29.239126747144734,8.7,82.3,1,HAAR,23.136521339416504
29.239126747144734,8.7,82.3,1,HAAR,23.146246910095215
29.239126747144734,8.7,82.3,1,HAAR,23.165910720825195
29.239126747144734,8.7,82.3,1,HAAR,23.214210987091064
29.239126747144734,8.7,82.3,1,HAAR,23.245192527770996
29.239126747144734,8.7,82.3,1,HAAR,23.288923025131226
29.239126747144734,8.7,82.3,1,HAAR,23.30952501296997
29.239126747144734,8.7,82.3,1,HAAR,23.341001987457275
29.239126747144734,8.7,82.3,1,HAAR,23.37297821044922
30.700860319250317,9.1,82.2,1,HAAR,23.409111976623535
30.700860319250317,9.1,82.2,1,HAAR,23.43703055381775
30.700860319250317,9.1,82.2,1,HAAR,23.50094485282898
30.700860319250317,9.1,82.2,1,HAAR,23.518295764923096
30.700860319250317,9.1,82.2,1,HAAR,23.53331232070923
30.700860319250317,9.1,82.2,1,HAAR,23.581045150756836
30.700860319250317,9.1,82.2,1,HAAR,23.6156165599823
30.700860319250317,9.1,82.2,1,HAAR,23.644423723220825
30.700860319250317,9.1,82.2,1,HAAR,23.67573308944702
30.700860319250317,9.1,82.2,1,HAAR,23.70999002456665
30.700860319250317,9.1,82.2,1,HAAR,23.740824460983276
30.700860319250317,9.1,82.2,1,HAAR,23.784015893936157
30.700860319250317,9.1,82.2,0,HAAR,23.80563974380493
30.700860319250317,9.1,82.2,0,HAAR,23.83746027946472
30.700860319250317,9.1,82.2,0,HAAR,23.870386123657227
30.700860319250317,9.1,82.2,1,HAAR,23.917750120162964
30.700860319250317,9.1,82.2,1,HAAR,23.948100090026855
30.700860319250317,9.1,82.2,1,HAAR,23.98059320449829
30.700860319250317,9.1,82.2,1,HAAR,24.01280403137207
30.700860319250317,9.1,82.2,1,HAAR,24.045695543289185
30.700860319250317,9.1,82.2,1,HAAR,24.07726216316223
30.700860319250317,9.1,82.2,1,HAAR,24.108497858047485
30.700860319250317,9.1,82.2,1,HAAR,24.144591093063354
30.700860319250317,9.1,82.2,0,HAAR,24.173314094543457
30.700860319250317,9.1,82.2,1,HAAR,24.205228805541992
30.700860319250317,9.1,82.2,1,HAAR,24.23767066001892
30.700860319250317,9.1,82.2,1,HAAR,24.283273220062256
30.700860319250317,9.1,82.2,0,HAAR,24.317734479904175
30.700860319250317,9.1,82.2,1,HAAR,24.34824824333191
30.700860319250317,9.1,82.2,1,HAAR,24.38076639175415
29.805002433827717,10.2,82.2,1,HAAR,24.41663384437561
29.805002433827717,10.2,82.2,1,HAAR,24.4449622631073
29.805002433827717,10.2,82.2,1,HAAR,24.478134632110596
29.805002433827717,10.2,82.2,1,HAAR,24.508715391159058
29.805002433827717,10.2,82.2,1,HAAR,24.54094171524048
29.805002433827717,10.2,82.2,1,HAAR,24.5730938911438
29.805002433827717,10.2,82.2,1,HAAR,24.605827569961548
29.805002433827717,10.2,82.2,1,HAAR,24.656662940979004
29.805002433827717,10.2,82.2,1,HAAR,24.686141967773438
29.805002433827717,10.2,82.2,2,HAAR,24.716516971588135
29.805002433827717,10.2,82.2,0,HAAR,24.74864101409912
29.805002433827717,10.2,82.2,0,HAAR,24.780974626541138
29.805002433827717,10.2,82.2,0,HAAR,24.812030792236328
29.805002433827717,10.2,82.2,0,HAAR,24.843334436416626
29.805002433827717,10.2,82.2,0,HAAR,24.87588667869568
29.805002433827717,10.2,82.2,0,HAAR,24.90969157218933
29.805002433827717,10.2,82.2,0,HAAR,24.940980911254883
29.805002433827717,10.2,82.2,0,HAAR,24.989034175872803
29.805002433827717,10.2,82.2,0,HAAR,25.019790172576904
29.805002433827717,10.2,82.2,0,HAAR,25.051426649093628
29.805002433827717,10.2,82.2,0,HAAR,25.08373212814331
29.805002433827717,10.2,82.2,0,HAAR,25.11648440361023
29.805002433827717,10.2,82.2,0,HAAR,25.147440910339355
29.805002433827717,10.2,82.2,0,HAAR,25.181092500686646
29.805002433827717,10.2,82.2,0,HAAR,25.212547063827515
29.805002433827717,10.2,82.2,0,HAAR,25.24379563331604
29.805002433827717,10.2,82.2,0,HAAR,25.281881093978882
29.805002433827717,10.2,82.2,0,HAAR,25.310378551483154
29.805002433827717,10.2,82.2,0,HAAR,25.357167720794678
29.805002433827717,10.2,82.2,0,HAAR,25.390530109405518
29.77172407005005,9.4,82.1,0,HAAR,25.42429494857788
29.77172407005005,9.4,82.1,1,HAAR,25.463254928588867
29.77172407005005,9.4,82.1,1,HAAR,25.48562741279602
29.77172407005005,9.4,82.1,1,HAAR,25.515625476837158
29.77172407005005,9.4,82.1,1,HAAR,25.549487113952637
29.77172407005005,9.4,82.1,1,HAAR,25.57929563522339
29.77172407005005,9.4,82.1,1,HAAR,25.612436056137085
29.77172407005005,9.4,82.1,1,HAAR,25.646026849746704
29.77172407005005,9.4,82.1,1,HAAR,25.67597246170044
29.77172407005005,9.4,82.1,1,HAAR,25.72434973716736
29.77172407005005,9.4,82.1,1,HAAR,25.75712490081787
29.77172407005005,9.4,82.1,1,HAAR,25.791013717651367
29.77172407005005,9.4,82.1,1,HAAR,25.82044792175293
29.77172407005005,9.4,82.1,1,HAAR,25.852526903152466
29.77172407005005,9.4,82.1,1,HAAR,25.884706497192383
29.77172407005005,9.4,82.1,1,HAAR,25.916097164154053
29.77172407005005,9.4,82.1,1,HAAR,25.947405576705933
29.77172407005005,9.4,82.1,1,HAAR,25.982751846313477
29.77172407005005,9.4,82.1,1,HAAR,26.012344121932983
29.77172407005005,9.4,82.1,0,HAAR,26.063048601150513
29.77172407005005,9.4,82.1,0,HAAR,26.0918550491333
29.77172407005005,9.4,82.1,0,HAAR,26.124157428741455
29.77172407005005,9.4,82.1,0,HAAR,26.156442880630493
29.77172407005005,9.4,82.1,0,HAAR,26.19052243232727
29.77172407005005,9.4,82.1,0,HAAR,26.22040581703186
29.77172407005005,9.4,82.1,0,HAAR,26.25259041786194
29.77172407005005,9.4,82.1,0,HAAR,26.284574270248413
29.77172407005005,9.4,82.1,0,HAAR,26.31738257408142
29.77172407005005,9.4,82.1,0,HAAR,26.349722862243652
29.77172407005005,9.4,82.1,0,HAAR,26.38168501853943
29.72912591080491,9.1,82.1,1,HAAR,26.433385372161865
29.72912591080491,9.1,82.1,1,HAAR,26.46041488647461
29.72912591080491,9.1,82.1,0,HAAR,26.492886781692505
29.72912591080491,9.1,82.1,1,HAAR,26.524938106536865
29.72912591080491,9.1,82.1,1,HAAR,26.55636501312256
29.72912591080491,9.1,82.1,1,HAAR,26.589579105377197
29.72912591080491,9.1,82.1,1,HAAR,26.62271213531494
29.72912591080491,9.1,82.1,1,HAAR,26.654044151306152
29.72912591080491,9.1,82.1,1,HAAR,26.686643362045288
29.72912591080491,9.1,82.1,1,HAAR,26.715479850769043
29.72912591080491,9.1,82.1,1,HAAR,26.74813961982727
29.72912591080491,9.1,82.1,1,HAAR,26.79666256904602
29.72912591080491,9.1,82.1,1,HAAR,26.82948398590088
29.72912591080491,9.1,82.1,1,HAAR,26.86009383201599
29.72912591080491,9.1,82.1,1,HAAR,26.893704652786255
29.72912591080491,9.1,82.1,1,HAAR,26.924449682235718
29.72912591080491,9.1,82.1,1,HAAR,26.956190586090088
29.72912591080491,9.1,82.1,1,HAAR,26.988739252090454
29.72912591080491,9.1,82.1,1,HAAR,27.020633697509766
29.72912591080491,9.1,82.1,0,HAAR,27.053325414657593
29.72912591080491,9.1,82.1,1,HAAR,27.084689617156982
29.72912591080491,9.1,82.1,1,HAAR,27.13162922859192
29.72912591080491,9.1,82.1,0,HAAR,27.1646625995636
29.72912591080491,9.1,82.1,0,HAAR,27.197503805160522
29.72912591080491,9.1,82.1,1,HAAR,27.22803544998169
29.72912591080491,9.1,82.1,1,HAAR,27.262266159057617
29.72912591080491,9.1,82.1,1,HAAR,27.293363571166992
29.72912591080491,9.1,82.1,1,HAAR,27.324885606765747
29.72912591080491,9.1,82.1,1,HAAR,27.356828451156616
29.72912591080491,9.1,82.1,1,HAAR,27.38926386833191
29.72912591080491,9.1,82.1,1,HAAR,27.421807050704956
30.707291549813014,10.0,82.1,1,HAAR,27.4419264793396
30.707291549813014,10.0,82.1,1,HAAR,27.502782583236694
30.707291549813014,10.0,82.1,1,HAAR,27.538925409317017
30.707291549813014,10.0,82.1,1,HAAR,27.562949657440186
30.707291549813014,10.0,82.1,1,HAAR,27.596789121627808
30.707291549813014,10.0,82.1,1,HAAR,27.628393173217773
30.707291549813014,10.0,82.1,1,HAAR,27.660600423812866
30.707291549813014,10.0,82.1,1,HAAR,27.694624185562134
30.707291549813014,10.0,82.1,1,HAAR,27.725579500198364
30.707291549813014,10.0,82.1,1,HAAR,27.756974935531616
30.707291549813014,10.0,82.1,1,HAAR,27.78855276107788
30.707291549813014,10.0,82.1,1,HAAR,27.809512853622437
30.707291549813014,10.0,82.1,1,HAAR,27.823787212371826
30.707291549813014,10.0,82.1,1,HAAR,27.904464721679688
30.707291549813014,10.0,82.1,0,HAAR,27.93239188194275
30.707291549813014,10.0,82.1,0,HAAR,27.96400284767151
30.707291549813014,10.0,82.1,0,HAAR,27.99530601501465
30.707291549813014,10.0,82.1,0,HAAR,28.045084714889526
30.707291549813014,10.0,82.1,0,HAAR,28.061182975769043
30.707291549813014,10.0,82.1,0,HAAR,28.093234062194824
30.707291549813014,10.0,82.1,0,HAAR,28.127917766571045
30.707291549813014,10.0,82.1,0,HAAR,28.155061960220337
30.707291549813014,10.0,82.1,0,HAAR,28.16817617416382
30.707291549813014,10.0,82.1,0,HAAR,28.20644760131836
30.707291549813014,10.0,82.1,0,HAAR,28.23698878288269
30.707291549813014,10.0,82.1,0,HAAR,28.30198383331299
30.707291549813014,10.0,82.1,0,HAAR,28.332472324371338
30.707291549813014,10.0,82.1,1,HAAR,28.36450695991516
30.707291549813014,10.0,82.1,0,HAAR,28.396655559539795
30.707291549813014,10.0,82.1,0,HAAR,28.42851972579956
29.290766488596123,7.8,82.1,1,HAAR,28.466161966323853
29.290766488596123,7.8,82.1,0,HAAR,28.492036819458008
29.290766488596123,7.8,82.1,0,HAAR,28.51024556159973
29.290766488596123,7.8,82.1,0,HAAR,28.52475070953369
29.290766488596123,7.8,82.1,0,HAAR,28.571635723114014
29.290766488596123,7.8,82.1,0,HAAR,28.60377836227417
29.290766488596123,7.8,82.1,0,HAAR,28.643662929534912
29.290766488596123,7.8,82.1,0,HAAR,28.700331449508667
29.290766488596123,7.8,82.1,0,HAAR,28.73108673095703
29.290766488596123,7.8,82.1,0,HAAR,28.766632318496704
29.290766488596123,7.8,82.1,0,HAAR,28.795286893844604
29.290766488596123,7.8,82.1,0,HAAR,28.828458547592163
29.290766488596123,7.8,82.1,0,HAAR,28.864886045455933
29.290766488596123,7.8,82.1,0,HAAR,28.883429288864136
29.290766488596123,7.8,82.1,0,HAAR,28.898874759674072
29.290766488596123,7.8,82.1,0,HAAR,28.942423820495605
29.290766488596123,7.8,82.1,0,HAAR,28.973301649093628
29.290766488596123,7.8,82.1,0,HAAR,29.00440788269043
29.290766488596123,7.8,82.1,0,HAAR,29.038114309310913
29.290766488596123,7.8,82.1,0,HAAR,29.109620571136475
29.290766488596123,7.8,82.1,1,HAAR,29.132689714431763
29.290766488596123,7.8,82.1,1,HAAR,29.165414094924927
29.290766488596123,7.8,82.1,1,HAAR,29.197978973388672
29.290766488596123,7.8,82.1,1,HAAR,29.228724479675293
29.290766488596123,7.8,82.1,1,HAAR,29.242363691329956
29.290766488596123,7.8,82.1,1,HAAR,29.276710510253906
29.290766488596123,7.8,82.1,1,HAAR,29.317192792892456
29.290766488596123,7.8,82.1,1,HAAR,29.34086775779724
29.290766488596123,7.8,82.1,1,HAAR,29.37203550338745
29.290766488596123,7.8,82.1,1,HAAR,29.40769052505493
29.290766488596123,7.8,82.1,1,HAAR,29.436304807662964
29.513302994583924,8.6,82.1,1,HAAR,29.51747751235962
29.513302994583924,8.6,82.1,1,HAAR,29.53778052330017
29.513302994583924,8.6,82.1,1,HAAR,29.564514875411987
29.513302994583924,8.6,82.1,1,HAAR,29.585355520248413
29.513302994583924,8.6,82.1,1,HAAR,29.600595951080322
29.513302994583924,8.6,82.1,1,HAAR,29.64469313621521
29.513302994583924,8.6,82.1,1,HAAR,29.67475962638855
29.513302994583924,8.6,82.1,1,HAAR,29.708739757537842
29.513302994583924,8.6,82.1,1,HAAR,29.740699768066406
29.513302994583924,8.6,82.1,1,HAAR,29.77250576019287
29.513302994583924,8.6,82.1,1,HAAR,29.803799390792847
29.513302994583924,8.6,82.1,1,HAAR,29.83818244934082
29.513302994583924,8.6,82.1,1,HAAR,29.91499137878418
29.513302994583924,8.6,82.1,1,HAAR,29.93222451210022
29.513302994583924,8.6,82.1,1,HAAR,29.944052934646606
29.513302994583924,8.6,82.1,1,HAAR,29.979671478271484
29.513302994583924,8.6,82.1,1,HAAR,30.01061487197876
