fps,cpu_usage,mem_usage,face_count,timestamp
0.0,0.0,0.0,0,0.41403651237487793
0.0,0.0,0.0,0,0.47258543968200684
0.0,0.0,0.0,0,0.4888286590576172
0.0,0.0,0.0,1,0.5086009502410889
0.0,0.0,0.0,1,0.5473675727844238
0.0,0.0,0.0,1,0.5700066089630127
0.0,0.0,0.0,1,0.6011102199554443
0.0,0.0,0.0,1,0.6336736679077148
0.0,0.0,0.0,1,0.6668179035186768
0.0,0.0,0.0,0,0.6996607780456543
0.0,0.0,0.0,0,0.7237765789031982
0.0,0.0,0.0,0,0.7853479385375977
0.0,0.0,0.0,0,0.8104255199432373
0.0,0.0,0.0,1,0.8419399261474609
0.0,0.0,0.0,1,0.875939130783081
0.0,0.0,0.0,1,0.905083179473877
0.0,0.0,0.0,1,0.938793420791626
0.0,0.0,0.0,1,0.9704937934875488
18.947052383188403,15.0,90.1,1,1.0067956447601318
18.947052383188403,15.0,90.1,1,1.0340690612792969
18.947052383188403,15.0,90.1,1,1.0673348903656006
18.947052383188403,15.0,90.1,1,1.0951972007751465
18.947052383188403,15.0,90.1,1,1.1529810428619385
18.947052383188403,15.0,90.1,1,1.1784963607788086
18.947052383188403,15.0,90.1,1,1.2113099098205566
18.947052383188403,15.0,90.1,1,1.2430238723754883
18.947052383188403,15.0,90.1,1,1.276777982711792
18.947052383188403,15.0,90.1,1,1.30702543258667
18.947052383188403,15.0,90.1,1,1.3383047580718994
18.947052383188403,15.0,90.1,1,1.3719780445098877
18.947052383188403,15.0,90.1,1,1.4023244380950928
18.947052383188403,15.0,90.1,1,1.421736717224121
18.947052383188403,15.0,90.1,0,1.4378044605255127
18.947052383188403,15.0,90.1,1,1.4816277027130127
18.947052383188403,15.0,90.1,1,1.546508550643921
18.947052383188403,15.0,90.1,0,1.579441785812378
18.947052383188403,15.0,90.1,1,1.610424518585205
18.947052383188403,15.0,90.1,0,1.643040657043457
18.947052383188403,15.0,90.1,1,1.6750407218933105
18.947052383188403,15.0,90.1,1,1.7050409317016602
18.947052383188403,15.0,90.1,1,1.737576961517334
18.947052383188403,15.0,90.1,1,1.7715778350830078
18.947052383188403,15.0,90.1,1,1.7988245487213135
18.947052383188403,15.0,90.1,1,1.8128347396850586
18.947052383188403,15.0,90.1,1,1.8493931293487549
18.947052383188403,15.0,90.1,1,1.8825891017913818
18.947052383188403,15.0,90.1,1,1.9480845928192139
18.947052383188403,15.0,90.1,1,1.9796051979064941
29.726169110318335,12.1,85.9,1,2.017010450363159
29.726169110318335,12.1,85.9,1,2.042954206466675
29.726169110318335,12.1,85.9,1,2.074833631515503
29.726169110318335,12.1,85.9,1,2.1064555644989014
29.726169110318335,12.1,85.9,1,2.1389663219451904
29.726169110318335,12.1,85.9,1,2.156325340270996
29.726169110318335,12.1,85.9,1,2.1853268146514893
29.726169110318335,12.1,85.9,1,2.2206296920776367
29.726169110318335,12.1,85.9,1,2.2493345737457275
29.726169110318335,12.1,85.9,0,2.2824923992156982
29.726169110318335,12.1,85.9,0,2.3462891578674316
29.726169110318335,12.1,85.9,1,2.3783273696899414
29.726169110318335,12.1,85.9,1,2.4088871479034424
29.726169110318335,12.1,85.9,1,2.4580066204071045
29.726169110318335,12.1,85.9,1,2.4818732738494873
29.726169110318335,12.1,85.9,1,2.497976541519165
29.726169110318335,12.1,85.9,1,2.5129435062408447
29.726169110318335,12.1,85.9,1,2.5545177459716797
29.726169110318335,12.1,85.9,1,2.585667848587036
29.726169110318335,12.1,85.9,1,2.618680715560913
29.726169110318335,12.1,85.9,1,2.6520540714263916
29.726169110318335,12.1,85.9,1,2.683180332183838
29.726169110318335,12.1,85.9,1,2.7455782890319824
29.726169110318335,12.1,85.9,1,2.778348684310913
29.726169110318335,12.1,85.9,1,2.811046600341797
29.726169110318335,12.1,85.9,1,2.8440661430358887
29.726169110318335,12.1,85.9,1,2.8718340396881104
29.726169110318335,12.1,85.9,1,2.8878283500671387
29.726169110318335,12.1,85.9,1,2.9223554134368896
29.726169110318335,12.1,85.9,1,2.9539053440093994
29.726169110318335,12.1,85.9,1,2.9859819412231445
30.80598191777706,7.6,84.3,1,3.0254135131835938
30.80598191777706,7.6,84.3,1,3.0514073371887207
30.80598191777706,7.6,84.3,1,3.0843775272369385
30.80598191777706,7.6,84.3,1,3.1451051235198975
30.80598191777706,7.6,84.3,1,3.1785147190093994
30.80598191777706,7.6,84.3,1,3.210794448852539
30.80598191777706,7.6,84.3,1,3.230898141860962
30.80598191777706,7.6,84.3,1,3.2575042247772217
30.80598191777706,7.6,84.3,1,3.2921745777130127
30.80598191777706,7.6,84.3,1,3.3223373889923096
30.80598191777706,7.6,84.3,1,3.3533430099487305
30.80598191777706,7.6,84.3,1,3.385343551635742
30.80598191777706,7.6,84.3,1,3.4169907569885254
30.80598191777706,7.6,84.3,1,3.4499294757843018
30.80598191777706,7.6,84.3,1,3.482294797897339
30.80598191777706,7.6,84.3,1,3.545299530029297
30.80598191777706,7.6,84.3,1,3.575625419616699
30.80598191777706,7.6,84.3,1,3.589812994003296
30.80598191777706,7.6,84.3,1,3.6260986328125
30.80598191777706,7.6,84.3,1,3.6584415435791016
30.80598191777706,7.6,84.3,1,3.6896252632141113
30.80598191777706,7.6,84.3,1,3.7225961685180664
30.80598191777706,7.6,84.3,1,3.7533321380615234
30.80598191777706,7.6,84.3,1,3.7857017517089844
30.80598191777706,7.6,84.3,1,3.8185548782348633
30.80598191777706,7.6,84.3,1,3.8520474433898926
30.80598191777706,7.6,84.3,1,3.8837950229644775
30.80598191777706,7.6,84.3,1,3.9157767295837402
30.80598191777706,7.6,84.3,1,3.946218252182007
30.80598191777706,7.6,84.3,1,3.9934635162353516
29.75363168042631,15.6,84.1,1,4.031599044799805
29.75363168042631,15.6,84.1,1,4.05803370475769
29.75363168042631,15.6,84.1,1,4.089680910110474
29.75363168042631,15.6,84.1,1,4.122799873352051
29.75363168042631,15.6,84.1,1,4.155355930328369
29.75363168042631,15.6,84.1,1,4.186314105987549
29.75363168042631,15.6,84.1,1,4.217312812805176
29.75363168042631,15.6,84.1,1,4.251185894012451
29.75363168042631,15.6,84.1,1,4.28331732749939
29.75363168042631,15.6,84.1,1,4.3288538455963135
29.75363168042631,15.6,84.1,1,4.365008592605591
29.75363168042631,15.6,84.1,1,4.394603729248047
29.75363168042631,15.6,84.1,0,4.426148891448975
29.75363168042631,15.6,84.1,1,4.4649457931518555
29.75363168042631,15.6,84.1,1,4.4906182289123535
29.75363168042631,15.6,84.1,1,4.523214817047119
29.75363168042631,15.6,84.1,1,4.556064128875732
29.75363168042631,15.6,84.1,1,4.588454008102417
29.75363168042631,15.6,84.1,1,4.6170573234558105
29.75363168042631,15.6,84.1,1,4.65119743347168
29.75363168042631,15.6,84.1,1,4.698507785797119
29.75363168042631,15.6,84.1,1,4.729958534240723
29.75363168042631,15.6,84.1,1,4.76225733757019
29.75363168042631,15.6,84.1,1,4.794982433319092
29.75363168042631,15.6,84.1,1,4.826428413391113
29.75363168042631,15.6,84.1,1,4.858247756958008
29.75363168042631,15.6,84.1,1,4.889439105987549
29.75363168042631,15.6,84.1,1,4.921291351318359
29.75363168042631,15.6,84.1,1,4.954687118530273
29.75363168042631,15.6,84.1,1,4.987217426300049
29.7554680754914,11.0,83.9,1,5.038802623748779
29.7554680754914,11.0,83.9,1,5.0663628578186035
29.7554680754914,11.0,83.9,1,5.0980470180511475
29.7554680754914,11.0,83.9,1,5.130212306976318
29.7554680754914,11.0,83.9,1,5.162202596664429
29.7554680754914,11.0,83.9,1,5.194538831710815
29.7554680754914,11.0,83.9,1,5.2277162075042725
29.7554680754914,11.0,83.9,1,5.2596049308776855
29.7554680754914,11.0,83.9,1,5.290419340133667
29.7554680754914,11.0,83.9,1,5.322329521179199
29.7554680754914,11.0,83.9,1,5.35561990737915
29.7554680754914,11.0,83.9,1,5.402909755706787
29.7554680754914,11.0,83.9,1,5.435034513473511
29.7554680754914,11.0,83.9,1,5.466484069824219
29.7554680754914,11.0,83.9,1,5.4978532791137695
29.7554680754914,11.0,83.9,1,5.530859708786011
29.7554680754914,11.0,83.9,1,5.563096523284912
29.7554680754914,11.0,83.9,1,5.595337867736816
29.7554680754914,11.0,83.9,1,5.626680374145508
29.7554680754914,11.0,83.9,1,5.660271406173706
29.7554680754914,11.0,83.9,1,5.69267725944519
29.7554680754914,11.0,83.9,1,5.7223615646362305
29.7554680754914,11.0,83.9,1,5.770913124084473
29.7554680754914,11.0,83.9,1,5.802623510360718
29.7554680754914,11.0,83.9,1,5.833853721618652
29.7554680754914,11.0,83.9,1,5.868527412414551
29.7554680754914,11.0,83.9,0,5.898064374923706
29.7554680754914,11.0,83.9,0,5.929926872253418
29.7554680754914,11.0,83.9,0,5.962132692337036
29.7554680754914,11.0,83.9,0,5.995075941085815
29.7554680754914,11.0,83.9,0,6.0264880657196045
30.25462451700213,8.4,83.9,0,6.063539743423462
30.25462451700213,8.4,83.9,0,6.105210542678833
30.25462451700213,8.4,83.9,0,6.138428211212158
30.25462451700213,8.4,83.9,0,6.170193195343018
30.25462451700213,8.4,83.9,0,6.202159881591797
30.25462451700213,8.4,83.9,0,6.234371900558472
30.25462451700213,8.4,83.9,0,6.2662739753723145
30.25462451700213,8.4,83.9,0,6.302537202835083
30.25462451700213,8.4,83.9,0,6.330634832382202
30.25462451700213,8.4,83.9,0,6.362330913543701
30.25462451700213,8.4,83.9,0,6.394397020339966
30.25462451700213,8.4,83.9,0,6.425383806228638
30.25462451700213,8.4,83.9,0,6.475173711776733
30.25462451700213,8.4,83.9,0,6.510688543319702
30.25462451700213,8.4,83.9,0,6.538502216339111
30.25462451700213,8.4,83.9,0,6.57030463218689
30.25462451700213,8.4,83.9,0,6.607702255249023
30.25462451700213,8.4,83.9,0,6.639612913131714
30.25462451700213,8.4,83.9,0,6.668125867843628
30.25462451700213,8.4,83.9,0,6.701124429702759
30.25462451700213,8.4,83.9,0,6.735243082046509
30.25462451700213,8.4,83.9,0,6.763385057449341
30.25462451700213,8.4,83.9,0,6.795509338378906
30.25462451700213,8.4,83.9,0,6.850119113922119
30.25462451700213,8.4,83.9,0,6.874228000640869
30.25462451700213,8.4,83.9,1,6.906228303909302
30.25462451700213,8.4,83.9,0,6.941127300262451
30.25462451700213,8.4,83.9,0,6.970547676086426
30.25462451700213,8.4,83.9,0,7.001527786254883
30.25462451700213,8.4,83.9,0,7.0345680713653564
29.82662839880873,15.0,83.9,0,7.070252895355225
29.82662839880873,15.0,83.9,0,7.0982770919799805
29.82662839880873,15.0,83.9,0,7.13179874420166
29.82662839880873,15.0,83.9,0,7.1976823806762695
29.82662839880873,15.0,83.9,0,7.210752010345459
29.82662839880873,15.0,83.9,1,7.242897033691406
29.82662839880873,15.0,83.9,1,7.274905681610107
29.82662839880873,15.0,83.9,1,7.305575132369995
29.82662839880873,15.0,83.9,1,7.337973356246948
29.82662839880873,15.0,83.9,1,7.371783256530762
29.82662839880873,15.0,83.9,1,7.403063535690308
29.82662839880873,15.0,83.9,0,7.434722185134888
29.82662839880873,15.0,83.9,1,7.4670796394348145
29.82662839880873,15.0,83.9,0,7.498902082443237
29.82662839880873,15.0,83.9,1,7.545756101608276
29.82662839880873,15.0,83.9,1,7.5796122550964355
29.82662839880873,15.0,83.9,1,7.610864877700806
29.82662839880873,15.0,83.9,1,7.642943382263184
29.82662839880873,15.0,83.9,1,7.6741156578063965
29.82662839880873,15.0,83.9,1,7.70598578453064
29.82662839880873,15.0,83.9,1,7.741184711456299
29.82662839880873,15.0,83.9,1,7.769984245300293
29.82662839880873,15.0,83.9,1,7.804376840591431
29.82662839880873,15.0,83.9,1,7.834701061248779
29.82662839880873,15.0,83.9,1,7.855319261550903
29.82662839880873,15.0,83.9,0,7.887766122817993
29.82662839880873,15.0,83.9,0,7.946821689605713
29.82662839880873,15.0,83.9,0,7.978540897369385
29.82662839880873,15.0,83.9,0,8.012080669403076
29.82662839880873,15.0,83.9,0,8.04755973815918
29.75173219990807,17.2,83.6,0,8.078612565994263
29.75173219990807,17.2,83.6,0,8.106151819229126
29.75173219990807,17.2,83.6,0,8.138571977615356
29.75173219990807,17.2,83.6,0,8.169901609420776
29.75173219990807,17.2,83.6,0,8.204427719116211
29.75173219990807,17.2,83.6,0,8.228366613388062
29.75173219990807,17.2,83.6,0,8.250583410263062
29.75173219990807,17.2,83.6,0,8.28264045715332
29.75173219990807,17.2,83.6,0,8.355616331100464
29.75173219990807,17.2,83.6,0,8.378754615783691
29.75173219990807,17.2,83.6,0,8.410982370376587
29.75173219990807,17.2,83.6,0,8.444502115249634
29.75173219990807,17.2,83.6,1,8.47433352470398
29.75173219990807,17.2,83.6,1,8.515722751617432
29.75173219990807,17.2,83.6,1,8.538806676864624
29.75173219990807,17.2,83.6,1,8.570865631103516
29.75173219990807,17.2,83.6,1,8.585904836654663
29.75173219990807,17.2,83.6,0,8.6185941696167
29.75173219990807,17.2,83.6,1,8.651385068893433
29.75173219990807,17.2,83.6,1,8.6827712059021
29.75173219990807,17.2,83.6,1,8.745241403579712
29.75173219990807,17.2,83.6,1,8.778210401535034
29.75173219990807,17.2,83.6,1,8.809537887573242
29.75173219990807,17.2,83.6,1,8.84175705909729
29.75173219990807,17.2,83.6,1,8.875503063201904
29.75173219990807,17.2,83.6,1,8.906786680221558
29.75173219990807,17.2,83.6,1,8.932807683944702
29.75173219990807,17.2,83.6,1,8.94790244102478
29.75173219990807,17.2,83.6,1,8.986654281616211
29.75173219990807,17.2,83.6,1,9.025653600692749
29.75173219990807,17.2,83.6,1,9.052674770355225
30.60856136723115,10.3,83.6,1,9.092280864715576
30.60856136723115,10.3,83.6,1,9.147976875305176
30.60856136723115,10.3,83.6,1,9.178642988204956
30.60856136723115,10.3,83.6,1,9.209831237792969
30.60856136723115,10.3,83.6,1,9.242926120758057
30.60856136723115,10.3,83.6,1,9.276753425598145
30.60856136723115,10.3,83.6,1,9.292816638946533
30.60856136723115,10.3,83.6,1,9.321526288986206
30.60856136723115,10.3,83.6,1,9.35431957244873
30.60856136723115,10.3,83.6,1,9.385597229003906
30.60856136723115,10.3,83.6,1,9.418973922729492
30.60856136723115,10.3,83.6,1,9.449915409088135
30.60856136723115,10.3,83.6,1,9.482582330703735
30.60856136723115,10.3,83.6,1,9.554489850997925
30.60856136723115,10.3,83.6,1,9.579381227493286
30.60856136723115,10.3,83.6,1,9.610807657241821
30.60856136723115,10.3,83.6,1,9.63634443283081
30.60856136723115,10.3,83.6,0,9.65122365951538
30.60856136723115,10.3,83.6,0,9.690892219543457
30.60856136723115,10.3,83.6,1,9.723728895187378
30.60856136723115,10.3,83.6,1,9.754712104797363
30.60856136723115,10.3,83.6,0,9.786149740219116
30.60856136723115,10.3,83.6,0,9.817955732345581
30.60856136723115,10.3,83.6,1,9.851100444793701
30.60856136723115,10.3,83.6,1,9.881837606430054
30.60856136723115,10.3,83.6,0,9.948246479034424
30.60856136723115,10.3,83.6,0,9.97905969619751
30.60856136723115,10.3,83.6,0,9.996416091918945
30.60856136723115,10.3,83.6,0,10.011708736419678
30.60856136723115,10.3,83.6,1,10.059088468551636
29.87635759944649,6.5,83.6,0,10.094520807266235
29.87635759944649,6.5,83.6,0,10.122268676757812
29.87635759944649,6.5,83.6,0,10.15877079963684
29.87635759944649,6.5,83.6,0,10.19518780708313
29.87635759944649,6.5,83.6,0,10.220482587814331
29.87635759944649,6.5,83.6,0,10.257482767105103
29.87635759944649,6.5,83.6,0,10.282906293869019
29.87635759944649,6.5,83.6,0,10.349972248077393
29.87635759944649,6.5,83.6,0,10.373228549957275
29.87635759944649,6.5,83.6,0,10.394211292266846
29.87635759944649,6.5,83.6,0,10.426964044570923
29.87635759944649,6.5,83.6,0,10.458133459091187
29.87635759944649,6.5,83.6,0,10.490493774414062
29.87635759944649,6.5,83.6,0,10.522733688354492
29.87635759944649,6.5,83.6,0,10.554757356643677
29.87635759944649,6.5,83.6,0,10.587623119354248
29.87635759944649,6.5,83.6,0,10.618494272232056
29.87635759944649,6.5,83.6,0,10.650890111923218
29.87635759944649,6.5,83.6,0,10.682637929916382
29.87635759944649,6.5,83.6,1,10.715506315231323
29.87635759944649,6.5,83.6,0,10.763036489486694
29.87635759944649,6.5,83.6,1,10.796420097351074
29.87635759944649,6.5,83.6,1,10.826484441757202
29.87635759944649,6.5,83.6,1,10.857041835784912
29.87635759944649,6.5,83.6,1,10.890566110610962
29.87635759944649,6.5,83.6,1,10.921665906906128
29.87635759944649,6.5,83.6,1,10.95481562614441
29.87635759944649,6.5,83.6,1,10.986473560333252
29.87635759944649,6.5,83.6,1,11.020443677902222
29.87635759944649,6.5,83.6,1,11.050933599472046
29.87635759944649,6.5,83.6,1,11.081133127212524
29.81413866534224,15.2,83.4,1,11.134313583374023
29.81413866534224,15.2,83.4,1,11.163988590240479
29.81413866534224,15.2,83.4,1,11.194028615951538
29.81413866534224,15.2,83.4,1,11.227717638015747
29.81413866534224,15.2,83.4,1,11.257272720336914
29.81413866534224,15.2,83.4,1,11.289831161499023
29.81413866534224,15.2,83.4,1,11.324958562850952
29.81413866534224,15.2,83.4,1,11.355320692062378
29.81413866534224,15.2,83.4,1,11.387056350708008
29.81413866534224,15.2,83.4,1,11.42305612564087
29.81413866534224,15.2,83.4,1,11.467165231704712
29.81413866534224,15.2,83.4,1,11.499109268188477
29.81413866534224,15.2,83.4,1,11.529095649719238
29.81413866534224,15.2,83.4,1,11.562788486480713
29.81413866534224,15.2,83.4,1,11.592868566513062
29.81413866534224,15.2,83.4,1,11.627360820770264
29.81413866534224,15.2,83.4,1,11.660314321517944
29.81413866534224,15.2,83.4,1,11.690831422805786
29.81413866534224,15.2,83.4,1,11.722898006439209
29.81413866534224,15.2,83.4,1,11.754508256912231
29.81413866534224,15.2,83.4,1,11.786938190460205
29.81413866534224,15.2,83.4,1,11.838683843612671
29.81413866534224,15.2,83.4,1,11.867387771606445
29.81413866534224,15.2,83.4,1,11.898843765258789
29.81413866534224,15.2,83.4,1,11.930734872817993
29.81413866534224,15.2,83.4,1,11.962368726730347
29.81413866534224,15.2,83.4,1,11.994652032852173
29.81413866534224,15.2,83.4,1,12.02655553817749
29.81413866534224,15.2,83.4,1,12.058972358703613
29.81413866534224,15.2,83.4,1,12.099565505981445
29.81413866534224,15.2,83.4,1,12.12289023399353
30.288157134604276,17.4,83.4,1,12.158807277679443
30.288157134604276,17.4,83.4,1,12.200994491577148
30.288157134604276,17.4,83.4,1,12.235453128814697
30.288157134604276,17.4,83.4,1,12.266883850097656
30.288157134604276,17.4,83.4,1,12.301082372665405
30.288157134604276,17.4,83.4,1,12.333550453186035
30.288157134604276,17.4,83.4,1,12.365254878997803
30.288157134604276,17.4,83.4,1,12.394635915756226
30.288157134604276,17.4,83.4,1,12.42663288116455
30.288157134604276,17.4,83.4,1,12.458650588989258
30.288157134604276,17.4,83.4,1,12.492959976196289
30.288157134604276,17.4,83.4,1,12.540530443191528
30.288157134604276,17.4,83.4,1,12.57064175605774
30.288157134604276,17.4,83.4,1,12.601896524429321
30.288157134604276,17.4,83.4,1,12.633769989013672
30.288157134604276,17.4,83.4,1,12.665027379989624
30.288157134604276,17.4,83.4,1,12.698335409164429
30.288157134604276,17.4,83.4,1,12.733147859573364
30.288157134604276,17.4,83.4,1,12.762836694717407
30.288157134604276,17.4,83.4,1,12.794944047927856
30.288157134604276,17.4,83.4,1,12.826090335845947
30.288157134604276,17.4,83.4,1,12.862302541732788
30.288157134604276,17.4,83.4,1,12.911429166793823
30.288157134604276,17.4,83.4,1,12.940553903579712
30.288157134604276,17.4,83.4,1,12.970158576965332
30.288157134604276,17.4,83.4,1,13.002864360809326
30.288157134604276,17.4,83.4,1,13.034436225891113
30.288157134604276,17.4,83.4,1,13.066613674163818
30.288157134604276,17.4,83.4,1,13.098523378372192
30.288157134604276,17.4,83.4,1,13.130523443222046
29.483430655343714,6.3,83.4,1,13.175931453704834
29.483430655343714,6.3,83.4,1,13.194467067718506
29.483430655343714,6.3,83.4,1,13.225607872009277
29.483430655343714,6.3,83.4,1,13.274674892425537
29.483430655343714,6.3,83.4,1,13.31765103340149
29.483430655343714,6.3,83.4,1,13.336472034454346
29.483430655343714,6.3,83.4,1,13.372156620025635
29.483430655343714,6.3,83.4,1,13.402485132217407
29.483430655343714,6.3,83.4,1,13.433960914611816
29.483430655343714,6.3,83.4,1,13.466792821884155
29.483430655343714,6.3,83.4,1,13.4980628490448
29.483430655343714,6.3,83.4,1,13.531261205673218
29.483430655343714,6.3,83.4,1,13.563717365264893
29.483430655343714,6.3,83.4,1,13.61116647720337
29.483430655343714,6.3,83.4,1,13.64215898513794
29.483430655343714,6.3,83.4,1,13.67889952659607
29.483430655343714,6.3,83.4,1,13.706305265426636
29.483430655343714,6.3,83.4,1,13.73910665512085
29.483430655343714,6.3,83.4,1,13.770006656646729
29.483430655343714,6.3,83.4,1,13.80302381515503
29.483430655343714,6.3,83.4,1,13.833961248397827
29.483430655343714,6.3,83.4,1,13.866355895996094
29.483430655343714,6.3,83.4,1,13.899364471435547
29.483430655343714,6.3,83.4,1,13.931016206741333
29.483430655343714,6.3,83.4,1,13.97743535041809
29.483430655343714,6.3,83.4,1,14.012395858764648
29.483430655343714,6.3,83.4,1,14.040723085403442
29.483430655343714,6.3,83.4,1,14.074183225631714
29.483430655343714,6.3,83.4,1,14.113942384719849
29.483430655343714,6.3,83.4,1,14.138423919677734
29.483430655343714,6.3,83.4,1,14.170395612716675
30.076000853079297,5.1,83.4,1,14.207149505615234
30.076000853079297,5.1,83.4,1,14.236010551452637
30.076000853079297,5.1,83.4,1,14.266721487045288
30.076000853079297,5.1,83.4,1,14.290290832519531
30.076000853079297,5.1,83.4,1,14.34648585319519
30.076000853079297,5.1,83.4,1,14.378477573394775
30.076000853079297,5.1,83.4,0,14.410427570343018
30.076000853079297,5.1,83.4,0,14.443508863449097
30.076000853079297,5.1,83.4,0,14.473692178726196
30.076000853079297,5.1,83.4,1,14.506884574890137
30.076000853079297,5.1,83.4,1,14.539121150970459
30.076000853079297,5.1,83.4,1,14.569794178009033
30.076000853079297,5.1,83.4,1,14.602658748626709
30.076000853079297,5.1,83.4,1,14.635698795318604
30.076000853079297,5.1,83.4,1,14.65981149673462
30.076000853079297,5.1,83.4,1,14.68175482749939
30.076000853079297,5.1,83.4,1,14.75722599029541
30.076000853079297,5.1,83.4,1,14.78464150428772
30.076000853079297,5.1,83.4,1,14.811820030212402
30.076000853079297,5.1,83.4,1,14.843899965286255
30.076000853079297,5.1,83.4,1,14.875992774963379
30.076000853079297,5.1,83.4,1,14.906654596328735
30.076000853079297,5.1,83.4,1,14.937907457351685
30.076000853079297,5.1,83.4,1,14.971044540405273
30.076000853079297,5.1,83.4,1,14.98900294303894
30.076000853079297,5.1,83.4,1,15.003499269485474
30.076000853079297,5.1,83.4,1,15.050725221633911
30.076000853079297,5.1,83.4,1,15.083071231842041
30.076000853079297,5.1,83.4,1,15.145353317260742
30.076000853079297,5.1,83.4,1,15.181325912475586
29.753272871082043,5.5,83.4,1,15.215070724487305
29.753272871082043,5.5,83.4,1,15.242486000061035
29.753272871082043,5.5,83.4,1,15.27374267578125
29.753272871082043,5.5,83.4,1,15.308647394180298
29.753272871082043,5.5,83.4,1,15.338991165161133
29.753272871082043,5.5,83.4,1,15.360095262527466
29.753272871082043,5.5,83.4,1,15.385887145996094
29.753272871082043,5.5,83.4,1,15.418622255325317
29.753272871082043,5.5,83.4,1,15.451002597808838
29.753272871082043,5.5,83.4,1,15.482395648956299
29.753272871082043,5.5,83.4,1,15.545171976089478
29.753272871082043,5.5,83.4,1,15.578707933425903
29.753272871082043,5.5,83.4,1,15.611234664916992
29.753272871082043,5.5,83.4,1,15.642047882080078
29.753272871082043,5.5,83.4,1,15.675514459609985
29.753272871082043,5.5,83.4,1,15.707963705062866
29.753272871082043,5.5,83.4,1,15.73379373550415
29.753272871082043,5.5,83.4,1,15.753754138946533
29.753272871082043,5.5,83.4,1,15.787151575088501
29.753272871082043,5.5,83.4,1,15.81851840019226
29.753272871082043,5.5,83.4,1,15.850163221359253
29.753272871082043,5.5,83.4,1,15.882921934127808
29.753272871082043,5.5,83.4,1,15.948550701141357
29.753272871082043,5.5,83.4,1,15.977628946304321
29.753272871082043,5.5,83.4,1,16.010554313659668
29.753272871082043,5.5,83.4,1,16.042213439941406
29.753272871082043,5.5,83.4,1,16.060713052749634
29.753272871082043,5.5,83.4,1,16.076220750808716
29.753272871082043,5.5,83.4,1,16.12281584739685
29.753272871082043,5.5,83.4,1,16.155951499938965
29.753272871082043,5.5,83.4,1,16.186379194259644
30.74475057021238,9.3,83.4,1,16.222654581069946
30.74475057021238,9.3,83.4,1,16.249751091003418
30.74475057021238,9.3,83.4,1,16.28201198577881
30.74475057021238,9.3,83.4,1,16.34819197654724
30.74475057021238,9.3,83.4,1,16.380191802978516
30.74475057021238,9.3,83.4,1,16.41016912460327
30.74475057021238,9.3,83.4,1,16.434775590896606
30.74475057021238,9.3,83.4,1,16.45952010154724
30.74475057021238,9.3,83.4,1,16.490928888320923
30.74475057021238,9.3,83.4,1,16.521535873413086
30.74475057021238,9.3,83.4,1,16.556554794311523
30.74475057021238,9.3,83.4,1,16.588578939437866
30.74475057021238,9.3,83.4,1,16.619422435760498
30.74475057021238,9.3,83.4,1,16.649961471557617
30.74475057021238,9.3,83.4,1,16.683502197265625
30.74475057021238,9.3,83.4,1,16.746246099472046
30.74475057021238,9.3,83.4,1,16.779276609420776
30.74475057021238,9.3,83.4,1,16.793981313705444
30.74475057021238,9.3,83.4,1,16.826565504074097
30.74475057021238,9.3,83.4,1,16.85820770263672
30.74475057021238,9.3,83.4,1,16.889405965805054
30.74475057021238,9.3,83.4,1,16.922307014465332
30.74475057021238,9.3,83.4,1,16.954259634017944
30.74475057021238,9.3,83.4,1,16.98543429374695
30.74475057021238,9.3,83.4,1,17.019294500350952
30.74475057021238,9.3,83.4,1,17.059986352920532
30.74475057021238,9.3,83.4,1,17.082154035568237
30.74475057021238,9.3,83.4,1,17.122613430023193
30.74475057021238,9.3,83.4,1,17.14658808708191
30.74475057021238,9.3,83.4,1,17.19437885284424
29.726674744718064,11.4,83.4,1,17.23286724090576
29.726674744718064,11.4,83.4,1,17.25993585586548
29.726674744718064,11.4,83.4,1,17.293944835662842
29.726674744718064,11.4,83.4,1,17.321420431137085
29.726674744718064,11.4,83.4,1,17.354689359664917
29.726674744718064,11.4,83.4,1,17.387287616729736
29.726674744718064,11.4,83.4,1,17.419028282165527
29.726674744718064,11.4,83.4,1,17.452799797058105
29.726674744718064,11.4,83.4,1,17.482210636138916
29.726674744718064,11.4,83.4,1,17.53059148788452
29.726674744718064,11.4,83.4,1,17.56211829185486
29.726674744718064,11.4,83.4,1,17.594691038131714
29.726674744718064,11.4,83.4,1,17.62700653076172
29.726674744718064,11.4,83.4,1,17.667544841766357
29.726674744718064,11.4,83.4,1,17.689929008483887
29.726674744718064,11.4,83.4,1,17.72237801551819
29.726674744718064,11.4,83.4,1,17.754766941070557
29.726674744718064,11.4,83.4,1,17.78774881362915
29.726674744718064,11.4,83.4,1,17.819114446640015
29.726674744718064,11.4,83.4,1,17.85276961326599
29.726674744718064,11.4,83.4,1,17.898993968963623
29.726674744718064,11.4,83.4,1,17.93061923980713
29.726674744718064,11.4,83.4,1,17.96213674545288
29.726674744718064,11.4,83.4,1,17.994832754135132
29.726674744718064,11.4,83.4,1,18.026857614517212
29.726674744718064,11.4,83.4,1,18.057783365249634
29.726674744718064,11.4,83.4,1,18.09310007095337
29.726674744718064,11.4,83.4,1,18.122128009796143
29.726674744718064,11.4,83.4,1,18.153855323791504
29.726674744718064,11.4,83.4,1,18.18746304512024
29.726674744718064,11.4,83.4,1,18.218595504760742
29.833997746791702,10.9,83.4,1,18.272015810012817
29.833997746791702,10.9,83.4,1,18.30098247528076
29.833997746791702,10.9,83.4,1,18.330244779586792
29.833997746791702,10.9,83.4,1,18.3627667427063
29.833997746791702,10.9,83.4,1,18.395300149917603
29.833997746791702,10.9,83.4,1,18.426432371139526
29.833997746791702,10.9,83.4,1,18.45859694480896
29.833997746791702,10.9,83.4,1,18.489827394485474
29.833997746791702,10.9,83.4,1,18.523597955703735
29.833997746791702,10.9,83.4,1,18.554426670074463
29.833997746791702,10.9,83.4,1,18.602805852890015
29.833997746791702,10.9,83.4,1,18.634642362594604
29.833997746791702,10.9,83.4,1,18.666817903518677
29.833997746791702,10.9,83.4,1,18.698551893234253
29.833997746791702,10.9,83.4,1,18.742665767669678
29.833997746791702,10.9,83.4,1,18.76164174079895
29.833997746791702,10.9,83.4,1,18.794645309448242
29.833997746791702,10.9,83.4,1,18.826152086257935
29.833997746791702,10.9,83.4,1,18.857567310333252
29.833997746791702,10.9,83.4,1,18.890470027923584
29.833997746791702,10.9,83.4,1,18.923589944839478
29.833997746791702,10.9,83.4,1,18.971124410629272
29.833997746791702,10.9,83.4,1,19.003339767456055
29.833997746791702,10.9,83.4,1,19.0350124835968
29.833997746791702,10.9,83.4,1,19.064913749694824
29.833997746791702,10.9,83.4,1,19.105142831802368
29.833997746791702,10.9,83.4,1,19.130418300628662
29.833997746791702,10.9,83.4,1,19.163535594940186
29.833997746791702,10.9,83.4,1,19.195672750473022
29.833997746791702,10.9,83.4,1,19.226360082626343
29.833997746791702,10.9,83.4,1,19.258448839187622
30.313768854390265,11.4,83.6,1,19.294561624526978
30.313768854390265,11.4,83.6,1,19.338147401809692
30.313768854390265,11.4,83.6,1,19.371707439422607
30.313768854390265,11.4,83.6,1,19.40231704711914
30.313768854390265,11.4,83.6,1,19.434534549713135
30.313768854390265,11.4,83.6,1,19.46572470664978
30.313768854390265,11.4,83.6,1,19.49841022491455
30.313768854390265,11.4,83.6,1,19.531070470809937
30.313768854390265,11.4,83.6,1,19.562100648880005
30.313768854390265,11.4,83.6,1,19.595641374588013
30.313768854390265,11.4,83.6,1,19.626509428024292
30.313768854390265,11.4,83.6,1,19.678935766220093
30.313768854390265,11.4,83.6,1,19.706600666046143
30.313768854390265,11.4,83.6,1,19.738465785980225
30.313768854390265,11.4,83.6,1,19.77090859413147
30.313768854390265,11.4,83.6,1,19.802844285964966
30.313768854390265,11.4,83.6,1,19.832965850830078
30.313768854390265,11.4,83.6,1,19.866482257843018
30.313768854390265,11.4,83.6,1,19.898491621017456
30.313768854390265,11.4,83.6,1,19.929015398025513
30.313768854390265,11.4,83.6,1,19.961594820022583
30.313768854390265,11.4,83.6,1,19.99614715576172
30.313768854390265,11.4,83.6,1,20.04257082939148
30.313768854390265,11.4,83.6,1,20.0736243724823
30.313768854390265,11.4,83.6,1,20.10636281967163
30.313768854390265,11.4,83.6,1,20.138579845428467
30.313768854390265,11.4,83.6,1,20.171035766601562
30.313768854390265,11.4,83.6,1,20.20191764831543
30.313768854390265,11.4,83.6,1,20.236799955368042
30.313768854390265,11.4,83.6,1,20.266441106796265
29.739841337557714,10.3,83.6,1,20.303327083587646
29.739841337557714,10.3,83.6,1,20.329968452453613
29.739841337557714,10.3,83.6,1,20.362834215164185
29.739841337557714,10.3,83.6,1,20.41086983680725
29.739841337557714,10.3,83.6,1,20.443039417266846
29.739841337557714,10.3,83.6,1,20.47467565536499
29.739841337557714,10.3,83.6,1,20.505103826522827
29.739841337557714,10.3,83.6,1,20.539849996566772
29.739841337557714,10.3,83.6,1,20.571362495422363
29.739841337557714,10.3,83.6,1,20.60157561302185
29.739841337557714,10.3,83.6,1,20.637927532196045
29.739841337557714,10.3,83.6,1,20.668397665023804
29.739841337557714,10.3,83.6,1,20.69830346107483
29.739841337557714,10.3,83.6,1,20.745487213134766
29.739841337557714,10.3,83.6,1,20.777694702148438
29.739841337557714,10.3,83.6,1,20.810489416122437
29.739841337557714,10.3,83.6,1,20.84862518310547
29.739841337557714,10.3,83.6,1,20.875492095947266
29.739841337557714,10.3,83.6,0,20.906760931015015
29.739841337557714,10.3,83.6,0,20.940056800842285
29.739841337557714,10.3,83.6,0,20.97094988822937
29.739841337557714,10.3,83.6,0,21.00209641456604
29.739841337557714,10.3,83.6,0,21.03409457206726
29.739841337557714,10.3,83.6,0,21.062357902526855
29.739841337557714,10.3,83.6,0,21.076834678649902
29.739841337557714,10.3,83.6,0,21.14697289466858
29.739841337557714,10.3,83.6,0,21.178340673446655
29.739841337557714,10.3,83.6,0,21.211005926132202
29.739841337557714,10.3,83.6,0,21.242417812347412
29.739841337557714,10.3,83.6,1,21.27407431602478
29.729118886828914,7.8,83.6,0,21.312015295028687
29.729118886828914,7.8,83.6,0,21.33787965774536
29.729118886828914,7.8,83.6,0,21.37003445625305
29.729118886828914,7.8,83.6,0,21.402366638183594
29.729118886828914,7.8,83.6,0,21.418439149856567
29.729118886828914,7.8,83.6,0,21.43500566482544
29.729118886828914,7.8,83.6,0,21.482028484344482
29.729118886828914,7.8,83.6,0,21.545409202575684
29.729118886828914,7.8,83.6,1,21.57700514793396
29.729118886828914,7.8,83.6,1,21.610777378082275
29.729118886828914,7.8,83.6,1,21.641862154006958
29.729118886828914,7.8,83.6,1,21.678884267807007
29.729118886828914,7.8,83.6,1,21.70543599128723
29.729118886828914,7.8,83.6,1,21.739810705184937
29.729118886828914,7.8,83.6,1,21.77192211151123
29.729118886828914,7.8,83.6,1,21.789639711380005
29.729118886828914,7.8,83.6,1,21.818019151687622
29.729118886828914,7.8,83.6,1,21.850616693496704
29.729118886828914,7.8,83.6,1,21.8826801776886
29.729118886828914,7.8,83.6,1,21.949727535247803
29.729118886828914,7.8,83.6,1,21.983898639678955
29.729118886828914,7.8,83.6,1,22.010822772979736
29.729118886828914,7.8,83.6,0,22.042132139205933
29.729118886828914,7.8,83.6,0,22.083109378814697
29.729118886828914,7.8,83.6,0,22.106263160705566
29.729118886828914,7.8,83.6,0,22.13251566886902
29.729118886828914,7.8,83.6,1,22.145846605300903
29.729118886828914,7.8,83.6,1,22.186885356903076
29.729118886828914,7.8,83.6,0,22.217315673828125
29.729118886828914,7.8,83.6,1,22.25095272064209
29.729118886828914,7.8,83.6,0,22.282179594039917
29.81378318048879,6.2,83.6,0,22.352201223373413
29.81378318048879,6.2,83.6,1,22.383506774902344
29.81378318048879,6.2,83.6,0,22.410811185836792
29.81378318048879,6.2,83.6,1,22.44123077392578
29.81378318048879,6.2,83.6,1,22.47435235977173
29.81378318048879,6.2,83.6,1,22.487365245819092
29.81378318048879,6.2,83.6,1,22.50595235824585
29.81378318048879,6.2,83.6,1,22.55328893661499
29.81378318048879,6.2,83.6,1,22.591217756271362
29.81378318048879,6.2,83.6,1,22.619908094406128
29.81378318048879,6.2,83.6,1,22.650641679763794
29.81378318048879,6.2,83.6,1,22.686644554138184
29.81378318048879,6.2,83.6,1,22.74700093269348
29.81378318048879,6.2,83.6,1,22.778627157211304
29.81378318048879,6.2,83.6,1,22.811771631240845
29.81378318048879,6.2,83.6,1,22.842411041259766
29.81378318048879,6.2,83.6,1,22.861684322357178
29.81378318048879,6.2,83.6,1,22.894667863845825
29.81378318048879,6.2,83.6,1,22.921979427337646
29.81378318048879,6.2,83.6,1,22.95360541343689
29.81378318048879,6.2,83.6,1,22.98722219467163
29.81378318048879,6.2,83.6,1,23.02019762992859
29.81378318048879,6.2,83.6,1,23.05060911178589
29.81378318048879,6.2,83.6,1,23.081839084625244
29.81378318048879,6.2,83.6,1,23.158060312271118
29.81378318048879,6.2,83.6,1,23.177993059158325
29.81378318048879,6.2,83.6,1,23.206010580062866
29.81378318048879,6.2,83.6,0,23.221154928207397
29.81378318048879,6.2,83.6,1,23.258302927017212
29.81378318048879,6.2,83.6,0,23.290483474731445
29.81378318048879,6.2,83.6,1,23.321526050567627
30.776690714711947,12.3,83.7,1,23.358460664749146
30.776690714711947,12.3,83.7,1,23.38679599761963
30.776690714711947,12.3,83.7,1,23.418532371520996
30.776690714711947,12.3,83.7,0,23.451942443847656
30.776690714711947,12.3,83.7,1,23.482449293136597
30.776690714711947,12.3,83.7,1,23.546014547348022
30.776690714711947,12.3,83.7,1,23.562602758407593
30.776690714711947,12.3,83.7,1,23.578558444976807
30.776690714711947,12.3,83.7,1,23.63808536529541
30.776690714711947,12.3,83.7,1,23.6605167388916
30.776690714711947,12.3,83.7,1,23.690277814865112
30.776690714711947,12.3,83.7,0,23.7212176322937
30.776690714711947,12.3,83.7,1,23.753968000411987
30.776690714711947,12.3,83.7,1,23.786391496658325
30.776690714711947,12.3,83.7,1,23.821767807006836
30.776690714711947,12.3,83.7,1,23.85054087638855
30.776690714711947,12.3,83.7,1,23.88375997543335
30.776690714711947,12.3,83.7,1,23.914052486419678
30.776690714711947,12.3,83.7,1,23.962212800979614
30.776690714711947,12.3,83.7,1,23.994191884994507
30.776690714711947,12.3,83.7,1,24.026966094970703
30.776690714711947,12.3,83.7,1,24.058889389038086
30.776690714711947,12.3,83.7,1,24.101811408996582
30.776690714711947,12.3,83.7,1,24.123005628585815
30.776690714711947,12.3,83.7,1,24.153683185577393
30.776690714711947,12.3,83.7,1,24.185523986816406
30.776690714711947,12.3,83.7,1,24.222367525100708
30.776690714711947,12.3,83.7,1,24.251099586486816
30.776690714711947,12.3,83.7,1,24.28511333465576
30.776690714711947,12.3,83.7,1,24.33072805404663
29.817602579739482,5.6,83.6,1,24.365615844726562
29.817602579739482,5.6,83.6,1,24.394643306732178
29.817602579739482,5.6,83.6,1,24.427250862121582
29.817602579739482,5.6,83.6,1,24.458255529403687
29.817602579739482,5.6,83.6,1,24.49055576324463
29.817602579739482,5.6,83.6,1,24.524529457092285
29.817602579739482,5.6,83.6,1,24.554015636444092
29.817602579739482,5.6,83.6,1,24.59767174720764
29.817602579739482,5.6,83.6,1,24.62516474723816
29.817602579739482,5.6,83.6,1,24.666418313980103
29.817602579739482,5.6,83.6,1,24.69886350631714
29.817602579739482,5.6,83.6,1,24.735926866531372
29.817602579739482,5.6,83.6,1,24.76291275024414
29.817602579739482,5.6,83.6,1,24.795195817947388
29.817602579739482,5.6,83.6,1,24.8258376121521
29.817602579739482,5.6,83.6,0,24.85872769355774
29.817602579739482,5.6,83.6,1,24.891096115112305
29.817602579739482,5.6,83.6,1,24.922391176223755
29.817602579739482,5.6,83.6,1,24.954911708831787
29.817602579739482,5.6,83.6,1,24.985509395599365
29.817602579739482,5.6,83.6,1,25.035980463027954
29.817602579739482,5.6,83.6,1,25.06618595123291
29.817602579739482,5.6,83.6,1,25.098968505859375
29.817602579739482,5.6,83.6,1,25.1305935382843
29.817602579739482,5.6,83.6,1,25.16334056854248
29.817602579739482,5.6,83.6,1,25.19495725631714
29.817602579739482,5.6,83.6,1,25.22624135017395
29.817602579739482,5.6,83.6,1,25.258567571640015
29.817602579739482,5.6,83.6,1,25.28998637199402
29.817602579739482,5.6,83.6,1,25.321775674819946
29.817602579739482,5.6,83.6,1,25.355433225631714
29.590651584828738,5.8,83.5,1,25.412301540374756
29.590651584828738,5.8,83.5,1,25.433842658996582
29.590651584828738,5.8,83.5,1,25.46616268157959
29.590651584828738,5.8,83.5,1,25.512820959091187
29.590651584828738,5.8,83.5,1,25.53054904937744
29.590651584828738,5.8,83.5,1,25.562348127365112
29.590651584828738,5.8,83.5,1,25.595014095306396
29.590651584828738,5.8,83.5,1,25.625998973846436
29.590651584828738,5.8,83.5,1,25.661863088607788
29.590651584828738,5.8,83.5,1,25.690240144729614
29.590651584828738,5.8,83.5,1,25.736920833587646
29.590651584828738,5.8,83.5,1,25.77049446105957
29.590651584828738,5.8,83.5,1,25.8028302192688
29.590651584828738,5.8,83.5,1,25.834300994873047
29.590651584828738,5.8,83.5,1,25.867684364318848
29.590651584828738,5.8,83.5,1,25.89861488342285
29.590651584828738,5.8,83.5,1,25.9299373626709
29.590651584828738,5.8,83.5,1,25.96355414390564
29.590651584828738,5.8,83.5,1,25.994220495224
29.590651584828738,5.8,83.5,1,26.027737379074097
29.590651584828738,5.8,83.5,1,26.057928800582886
29.590651584828738,5.8,83.5,1,26.107253074645996
29.590651584828738,5.8,83.5,1,26.13737678527832
29.590651584828738,5.8,83.5,1,26.170419692993164
29.590651584828738,5.8,83.5,1,26.202550649642944
29.590651584828738,5.8,83.5,1,26.23589324951172
29.590651584828738,5.8,83.5,1,26.26520872116089
29.590651584828738,5.8,83.5,1,26.29919695854187
29.590651584828738,5.8,83.5,1,26.330562353134155
29.590651584828738,5.8,83.5,1,26.361380100250244
29.590651584828738,5.8,83.5,1,26.39423108100891
30.39644173221959,12.4,82.8,1,26.432043313980103
30.39644173221959,12.4,82.8,1,26.4810528755188
30.39644173221959,12.4,82.8,1,26.5064218044281
30.39644173221959,12.4,82.8,1,26.538755416870117
30.39644173221959,12.4,82.8,1,26.570964336395264
30.39644173221959,12.4,82.8,1,26.605089902877808
30.39644173221959,12.4,82.8,1,26.63438844680786
30.39644173221959,12.4,82.8,1,26.66813611984253
30.39644173221959,12.4,82.8,1,26.697715997695923
30.39644173221959,12.4,82.8,1,26.73180317878723
30.39644173221959,12.4,82.8,1,26.762162446975708
30.39644173221959,12.4,82.8,1,26.80961775779724
30.39644173221959,12.4,82.8,1,26.84237003326416
30.39644173221959,12.4,82.8,1,26.875601530075073
30.39644173221959,12.4,82.8,1,26.91277289390564
30.39644173221959,12.4,82.8,1,26.937785387039185
30.39644173221959,12.4,82.8,1,26.970529794692993
30.39644173221959,12.4,82.8,1,27.004626512527466
30.39644173221959,12.4,82.8,1,27.034509420394897
30.39644173221959,12.4,82.8,1,27.066252946853638
30.39644173221959,12.4,82.8,1,27.105268955230713
30.39644173221959,12.4,82.8,1,27.130902767181396
30.39644173221959,12.4,82.8,1,27.177623748779297
30.39644173221959,12.4,82.8,1,27.20989489555359
30.39644173221959,12.4,82.8,1,27.24178409576416
30.39644173221959,12.4,82.8,1,27.274545192718506
30.39644173221959,12.4,82.8,1,27.308391094207764
30.39644173221959,12.4,82.8,1,27.33832883834839
30.39644173221959,12.4,82.8,1,27.369467735290527
30.39644173221959,12.4,82.8,1,27.407566785812378
29.829159718807887,10.8,83.0,1,27.438894510269165
29.829159718807887,10.8,83.0,1,27.466550588607788
29.829159718807887,10.8,83.0,1,27.479551315307617
29.829159718807887,10.8,83.0,1,27.546379566192627
29.829159718807887,10.8,83.0,1,27.57791829109192
29.829159718807887,10.8,83.0,1,27.610215425491333
29.829159718807887,10.8,83.0,1,27.65752935409546
29.829159718807887,10.8,83.0,1,27.681742429733276
29.829159718807887,10.8,83.0,1,27.707353115081787
29.829159718807887,10.8,83.0,1,27.739951372146606
29.829159718807887,10.8,83.0,1,27.769819736480713
29.829159718807887,10.8,83.0,1,27.80182123184204
29.829159718807887,10.8,83.0,1,27.83672046661377
29.829159718807887,10.8,83.0,1,27.856330156326294
29.829159718807887,10.8,83.0,1,27.880903720855713
29.829159718807887,10.8,83.0,1,27.948871612548828
29.829159718807887,10.8,83.0,1,27.97774052619934
29.829159718807887,10.8,83.0,1,28.009830474853516
29.829159718807887,10.8,83.0,1,28.04128670692444
29.829159718807887,10.8,83.0,1,28.07482123374939
29.829159718807887,10.8,83.0,1,28.106704235076904
29.829159718807887,10.8,83.0,1,28.139403820037842
29.829159718807887,10.8,83.0,1,28.182790279388428
29.829159718807887,10.8,83.0,1,28.2026469707489
29.829159718807887,10.8,83.0,1,28.23253560066223
29.829159718807887,10.8,83.0,1,28.250008821487427
29.829159718807887,10.8,83.0,1,28.2816321849823
29.829159718807887,10.8,83.0,1,28.348021030426025
29.829159718807887,10.8,83.0,1,28.380569219589233
29.829159718807887,10.8,83.0,1,28.410941123962402
29.77186495313791,10.7,82.4,1,28.4454505443573
29.77186495313791,10.7,82.4,1,28.476161003112793
29.77186495313791,10.7,82.4,1,28.5056312084198
29.77186495313791,10.7,82.4,1,28.53763747215271
29.77186495313791,10.7,82.4,1,28.557586908340454
29.77186495313791,10.7,82.4,1,28.57264232635498
29.77186495313791,10.7,82.4,1,28.619033575057983
29.77186495313791,10.7,82.4,1,28.650484800338745
29.77186495313791,10.7,82.4,1,28.682129621505737
29.77186495313791,10.7,82.4,1,28.74651050567627
29.77186495313791,10.7,82.4,1,28.777215480804443
29.77186495313791,10.7,82.4,1,28.811006784439087
29.77186495313791,10.7,82.4,1,28.84197235107422
29.77186495313791,10.7,82.4,1,28.873087167739868
29.77186495313791,10.7,82.4,1,28.91820240020752
29.77186495313791,10.7,82.4,1,28.93370008468628
29.77186495313791,10.7,82.4,1,28.954673290252686
29.77186495313791,10.7,82.4,1,28.984971284866333
29.77186495313791,10.7,82.4,1,29.021554708480835
29.77186495313791,10.7,82.4,1,29.050309896469116
29.77186495313791,10.7,82.4,1,29.081938982009888
29.77186495313791,10.7,82.4,1,29.146255493164062
29.77186495313791,10.7,82.4,1,29.17861795425415
29.77186495313791,10.7,82.4,1,29.210403203964233
29.77186495313791,10.7,82.4,1,29.244020462036133
29.77186495313791,10.7,82.4,1,29.274444818496704
29.77186495313791,10.7,82.4,1,29.29236602783203
29.77186495313791,10.7,82.4,1,29.32174015045166
29.77186495313791,10.7,82.4,1,29.354154109954834
29.77186495313791,10.7,82.4,1,29.386202335357666
29.77186495313791,10.7,82.4,1,29.417462825775146
30.685478353525067,7.2,82.4,1,29.45623254776001
30.685478353525067,7.2,82.4,1,29.480690002441406
30.685478353525067,7.2,82.4,1,29.54845690727234
30.685478353525067,7.2,82.4,1,29.578155755996704
30.685478353525067,7.2,82.4,1,29.610654592514038
30.685478353525067,7.2,82.4,1,29.63425636291504
30.685478353525067,7.2,82.4,1,29.653116703033447
30.685478353525067,7.2,82.4,1,29.689926147460938
30.685478353525067,7.2,82.4,1,29.72265315055847
30.685478353525067,7.2,82.4,1,29.761125326156616
30.685478353525067,7.2,82.4,1,29.78584575653076
30.685478353525067,7.2,82.4,1,29.818089962005615
30.685478353525067,7.2,82.4,1,29.85608196258545
30.685478353525067,7.2,82.4,1,29.885573863983154
30.685478353525067,7.2,82.4,1,29.946088314056396
30.685478353525067,7.2,82.4,1,29.979065418243408
30.685478353525067,7.2,82.4,1,29.995612621307373
